stock_symbol,stock_price,stock_name
20MICRONS,310,20 Microns Limited
3IINFOLTD,27.66,21st Century Management Services Limited
5PAISA,510.95,360 ONE WAM LIMITED
3MINDIA,33851.1,3i Infotech Limited
21STCENMGM,120.24,3M India Limited
A2ZINFRA,17.62,3P Land Holdings Limited
AAATECH,128.5,5Paisa Capital Limited
360ONE,1105,63 moons technologies limited
63MOONS,469.75,A2Z Infra Engineering Limited
3PLAND,37.25,AAA Technologies Limited
AAREYDRUGS,63.41,Aadhar Housing Finance Limited
AARTIDRUGS,495,Aakash Exploration Services Limited
AARTECH,64.35,Aarey Drugs & Pharmaceuticals Limited
AARTIPHARM,604.1,Aaron Industries Limited
AARON,265,Aartech Solonics Limited
AARVEEDEN,47,Aarti Drugs Limited
AARTIIND,508,Aarti Industries Limited
AARTISURF,198,Aarti Pharmalabs Limited
AAKASH,11,Aarti Surfactants Limited
AADHARHFC,447,Aarvee Denims & Exports Limited
ABCAPITAL,215.04,Aarvi Encon Limited
AAVAS,1709.8,Aavas Financiers Limited
ABFRL,323,Aban Offshore Limited
ABREL,3010.85,ABB India Limited
ABB,8287,Abbott India Limited
ABDL,317.5,Aditya Birla Capital Limited
AARVI,150.5,Allied Blenders and Distillers Limited
ABBOTINDIA,29220,Aditya Birla Fashion and Retail Limited
ABAN,67.41,ABM International Limited
ABMINTLLTD,74.91,Aditya Birla Real Estate Limited
ACE,1387.8,Aditya Birla Sun Life AMC Limited
ACCELYA,1645,ACC Limited
ACC,2301.5,Accelya Solutions India Limited
ACCURACY,10.18,Accuracy Shipping Limited
ABSLAMC,754.05,Action Construction Equipment Limited
ACLGATI,104,Ace Integrated Solutions Limited
ACL,87.35,Archean Chemical Industries Limited
ACI,643.95,Andhra Cements Limited
ACEINTEG,33.45,Allcargo Gati Limited
ADANIENT,2932,Adani Energy Solutions Limited
ADANIENSOL,1019.85,Adani Enterprises Limited
ADANIGREEN,1706.5,Adani Green Energy Limited
ADANIPOWER,602.4,Adani Ports and Special Economic Zone Limited
ADANIPORTS,1375.8,Adani Power Limited
ADL,98.01,ADF Foods Limited
ADROITINFO,20.3,Archidply Decor Limited
ADORWELD,1330.1,Ador Welding Limited
ADFFOODS,294.9,Adroit Infotech Limited
ADSL,299.45,Allied Digital Services Limited
AEROFLEX,190.4,Advani Hotels & Resorts (India) Limited
ADVENZYMES,455.95,Advanced Enzyme Technologies Limited
AETHER,869.7,Aegis Logistics Limited
AEGISLOG,742.9,Aeroflex Industries Limited
AFFLE,1501,Aether Industries Limited
AFIL,97.1,Affle (India) Limited
AGARIND,1091,Akme Fintrade (India) Limited
AGI,942,Agarwal Industrial Corporation Limited
AGIIL,935,AGI Greenpac Limited
AGRITECH,212,Agi Infra Limited
AHLADA,100.49,Agri-Tech (India) Limited
AHL,399.95,Agro Phos India Limited
AGSTRA,90,AGS Transact Technologies Limited
AGROPHOS,46.1,Abans Holdings Limited
AHLEAST,173.99,Ahlada Engineers Limited
AHLUCONT,1138.5,Asian Hotels (East) Limited
AIAENG,4122,Ahluwalia Contracts (India) Limited
AIRAN,36.28,AIA Engineering Limited
AIROLAM,127.65,Authum Investment & Infrastructure Limited
AJANTPHARM,3142,Airan Limited
AJMERA,889,Airo Lam limited
AKASH,35.2,Ajanta Pharma Limited
AIIL,1866.55,Ajmera Realty & Infra India Limited
AJOONI,7.84,Ajooni Biotech Limited
AKG,18.95,Akash Infra-Projects Limited
ADVANIHOTR,68.66,Akg Exim Limited
ALEMBICLTD,127.1,AKI India Limited
ALICON,1282,Akshar Spintex Limited
AKUMS,916.55,AksharChem India Limited
AKSHAR,1.09,Aksh Optifibre Limited
AKZOINDIA,3842.15,Akums Drugs and Pharmaceuticals Limited
AKSHOPTFBR,11.63,Akzo Nobel India Limited
AKSHARCHEM,301.45,Alankit Limited
ALBERTDAVD,1395.45,Albert David Limited
ALANKIT,20.83,Alembic Limited
AKI,19.95,Alicon Castalloy Limited
ALKEM,6150,Alkali Metals Limited
ALKYLAMINE,2161.3,Alkem Laboratories Limited
ALKALI,117,Alkyl Amines Chemicals Limited
ALLCARGO,59.6,Allcargo Logistics Limited
ALOKINDS,22.55,Alldigi Tech Limited
ALLDIGI,1086.85,Almondz Global Securities Limited
ALPA,116.8,Alok Industries Limited
ALMONDZ,30.89,Alpa Laboratories Limited
AMBER,6484.25,Alphageo (India) Limited
ALPSINDUS,3.51,Alps Industries Limited
ALPHAGEO,428,Amber Enterprises India Limited
AMBIKCO,1580,Ambica Agarbathies & Aroma industries Limited
AMIORG,1575,Ambika Cotton Mills Limited
AMDIND,68.4,Ambuja Cements Limited
AMBUJACEM,571,AMD Industries Limited
AMBICAAGAR,27.15,Ami Organics Limited
AMJLAND,52.3,Amj Land Holdings Limited
AMNPLST,304.9,Amines & Plasticizers Limited
AMRUTANJAN,751,Amrutanjan Health Care Limited
ANANTRAJ,731,Anand Rathi Wealth Limited
ANANDRATHI,4140,Anant Raj Limited
ANDHRAPAP,99.18,ANDHRA PAPER LIMITED
ANDHRSUGAR,101.06,The Andhra Sugars Limited
ANKITMETAL,3.87,Angel One Limited
ANSALAPI,11.5,Anik Industries Limited
ANGELONE,3015,Ankit Metal & Power Limited
ANURAS,724.6,Anmol India Limited
ANIKINDS,83,Ansal Properties & Infrastructure Limited
ANTGRAPHIC,1.89,Antarctica Limited
ANMOL,32,The Anup Engineering Limited
ANUP,2800,Anupam Rasayan India Limited
APARINDS,9740.5,Apar Industries Limited
APCL,175,Anjani Portland Cement Limited
APEX,254.03,Apcotex Industries Limited
APLAPOLLO,1540.25,Apex Frozen Foods Limited
APCOTEXIND,419,APL Apollo Tubes Limited
APOLLO,96.25,Alembic Pharmaceuticals Limited
APOLLOPIPE,531.2,Apollo Micro Systems Limited
APOLLOTYRE,508.7,Apollo Hospitals Enterprise Limited
APOLLOHOSP,6992.85,Apollo Pipes Limited
APLLTD,1135,Apollo Tyres Limited
APOLSINHOT,1726,Apollo Sindoori Hotels Limited
APTECHT,196.1,Aptech Limited
APTUS,363.2,Aptus Value Housing Finance India Limited
ARE&M,1331,Archidply Industries Limited
ARCHIDPLY,119.2,Archies Limited
ARENTERP,45.81,Amara Raja Energy & Mobility Limited
ARCHIES,28.2,Rajdarshan Industries Limited
ARIHANTSUP,365,Aries Agro Limited
ARIES,253.3,Arihant Capital Markets Limited
ARIHANTCAP,120.25,Arihant Superstructures Limited
ARKADE,145.46,Arkade Developers Limited
ARSHIYA,3.6,Arman Financial Services Limited
ARMANFIN,1475,Aro Granite Industries Limited
ARROWGREEN,768,Arrow Greentech Limited
AROGRANITE,54,Arshiya Limited
ARTEMISMED,277.5,ARSS Infrastructure Projects Limited
ARTNIRMAN,60.64,Artemis Medicare Services Limited
ARVINDFASN,589.5,Art Nirman Limited
ARSSINFRA,18.29,Arvee Laboratories (India) Limited
ARVIND,355.9,Arvind Limited
ARVEE,214.36,Arvind Fashions Limited
ASAHIINDIA,702,Arvind SmartSpaces Limited
ARVSMART,833.35,Asahi India Glass Limited
ASAL,692.75,Asahi Songwon Colors Limited
ASALCBR,924.85,Automotive Stampings and Assemblies Limited
ASHAPURMIN,308,Associated Alcohols & Breweries Ltd.
ASAHISONG,447.95,Ashapura Minechem Limited
ASHIANA,306.5,Ashiana Housing Limited
ASHIMASYN,32.4,Ashima Limited
ASHOKA,238.27,Ashoka Buildcon Limited
ASHOKAMET,28.52,Ashoka Metcast Limited
ASHOKLEY,217.75,Ashok Leyland Limited
ASIANENE,356,Asian Energy Services Limited
ASIANHOTNR,189.71,Asian Hotels (North) Limited
ASIANPAINT,3043,Asian Paints Limited
ASIANTILES,71.3,Asian Granito India Limited
ASMS,21.55,ASK Automotive Limited
ASKAUTOLTD,420.4,Bartronics India Limited
ASPINWALL,275.2,Aspinwall and Company Limited
ASTERDM,427.05,Astec LifeSciences Limited
ASTRAL,1855,Aster DM Healthcare Limited
ASTEC,1077.15,Astral Limited
ATALREAL,9.93,Astra Microwave Products Limited
ASTRAZEN,7363.15,AstraZeneca Pharma India Limited
ASTRAMICRO,765,Astron Paper & Board Mill Limited
ASTRON,21.25,Atal Realtech Limited
ATFL,961,Atam Valves Limited
ATAM,145.3,Agro Tech Foods Limited
ATLANTAA,50.18,Adani Total Gas Limited
ATUL,7580.6,Allcargo Terminals Limited
ATULAUTO,625,ATLANTAA LIMITED
AURIONPRO,1723.6,Atul Limited
AUROPHARMA,1458,Atul Auto Limited
AUBANK,665.25,AU Small Finance Bank Limited
AURUM,192.65,Aurionpro Solutions Limited
AUSOMENT,157.99,Aurobindo Pharma Limited
ATL,40.2,Aurum PropTech Limited
ATGL,718.75,Ausom Enterprise Limited
AUTOAXLES,1836.6,Automotive Axles Limited
AUTOIND,110,Autoline Industries Limited
AVALON,562.2,Avadh Sugar & Energy Limited
AVADHSUGAR,643.9,Avalon Technologies Limited
AVG,517,Avantel Limited
AVANTEL,178.25,Avanti Feeds Limited
AVANTIFEED,596,AVG Logistics Limited
AVTNPL,84.4,Avonmore Capital & Management Services Limited
AVROIND,153.9,AVRO INDIA LIMITED
AWFIS,746.9,AVT Natural Products Limited
AXISCADES,511.5,Awfis Space Solutions Limited
AWL,323.95,Antony Waste Handling Cell Limited
AWHCL,779,Adani Wilmar Limited
AXISBANK,1189,Axis Bank Limited
AZAD,,AXISCADES Technologies Limited
AVONMORE,0,Axita Cotton Limited
AXITA,14.88,AYM Syntex Limited
BAFNAPH,80,Azad Engineering Limited
BAJAJ-AUTO,10501,Bafna Pharmaceuticals Limited
BAGFILMS,11.02,B.A.G Films and Media Limited
AYMSYNTEX,245.7,Baid Finserv Limited
BAIDFIN,16,Bajaj Auto Limited
BAJAJFINSV,1758.55,Bajaj Consumer Care Limited
BAJAJCON,225.95,Bajaj Electricals Limited
BAJAJELEC,860.8,Bajaj Finserv Limited
BAJAJHIND,36.25,Bajaj Healthcare Limited
BAJEL,256.5,Bajaj Housing Finance Limited
BAJAJHLDNG,10309,Bajaj Hindusthan Sugar Limited
BALAJEE,72,Bajaj Holdings & Investment Limited
BAJFINANCE,6758,Bajel Projects Limited
BALAMINES,2139,Bajaj Finance Limited
BALAJITELE,60.67,Shree Tirupati Balajee Agro Trading Company Limited
BAJAJHFL,136.8,Balaji Telefilms Limited
BALKRISHNA,25.3,Balaji Amines Limited
BALAXI,94.05,BALAXI PHARMACEUTICALS LIMITED
BALMLAWRIE,248.15,Balkrishna Paper Mills Limited
BALKRISIND,2962.05,Balkrishna Industries Limited
BALRAMCHIN,627.3,Balmer Lawrie & Company Limited
BALPHARMA,129.74,Bal Pharma Limited
BAJAJHCARE,376,Balrampur Chini Mills Limited
BALUFORGE,822,Balu Forge Industries Limited
BANCOINDIA,699.5,Banaras Beads Limited
BANDHANBNK,184.38,Bannari Amman Sugars Limited
BANARISUG,3700,Banco Products (I) Limited
BANARBEADS,137.9,Bandhan Bank Limited
BANKA,126.26,Bang Overseas Limited
BANG,54.5,Banka BioLoo Limited
BANKINDIA,104,Bank of Baroda
BANKBARODA,245.2,Bank of India
BANSALWIRE,423.2,Bansal Wire Industries Limited
BARBEQUE,612.65,Banswara Syntex Limited
BANSWRAS,135.7,Barbeque Nation Hospitality Limited
BAYERCROP,6690,BASF India Limited
BASF,7708.85,Bannari Amman Spinning Mills Limited
BASML,55.25,Bata India Limited
BATAINDIA,1434,Bayer Cropscience Limited
BBL,4734.95,Bharat Bijlee Limited
BBOX,484.8,Black Box Limited
BBTC,2800,Bombay Burmah Trading Corporation Limited
BBTCL,221,B&B Triplewall Containers Limited
BCONCEPTS,582,Bcl Industries Limited
BDL,1115,Brand Concepts Limited
BECTORFOOD,1810,Bharat Dynamics Limited
BEARDSELL,45.92,Beardsell Limited
BCLIND,55.1,Mrs. Bectors Food Specialities Limited
BEL,281.6,Bedmutha Industries Limited
BEPL,148.6,Bharat Electronics Limited
BEDMUTHA,233.72,BEML Limited
BEML,4040,Bhansali Engineering Polymers Limited
BERGEPAINT,556,Berger Paints (I) Limited
BESTAGRO,588.1,Best Agrolife Limited
BFINVEST,763,BF Investment Limited
BGLOBAL,3.11,BF Utilities Limited
BFUTILITIE,981,Bharatiya Global Infomedia Limited
BGRENERGY,43.25,BGR Energy Systems Limited
BHAGCHEM,350.05,Bhagiradha Chemicals & Industries Limited
BHAGERIA,213.9,Bhageria Industries Limited
BHANDARI,6.7,Bhagyanagar India Limited
BHAGYANGR,103.52,Bhandari Hosiery Exports Limited
BHARATFORG,1439,Bharat Forge Limited
BHARATGEAR,103.67,Bharat Gears Limited
BHARATRAS,11250,Bharat Rasayan Limited
BHARATWIRE,245,Bharat Wire Ropes Limited
BHARTIARTL,1690,Bharti Airtel Limited
BHARTIHEXA,1515.5,Bharti Hexacom Limited
BIGBLOC,126.12,Bharat Heavy Electricals Limited
BHEL,247,Bigbloc Construction Limited
BIKAJI,890.05,Bikaji Foods International Limited
BINANIIND,16.92,Bhartiya International Limited
BIL,709,Binani Industries Limited
BIOCON,336.05,Biocon Limited
BIRLACABLE,232.5,Biofil Chemicals & Pharmaceuticals Limited
BIOFILCHEM,67.98,Birla Cable Limited
BKMINDST,1.58,Birla Corporation Limited
BIRLACORPN,1206.9,Aditya Birla Money Limited
BIRLAMONEY,0,Bkm Industries Limited
BLAL,235,BEML Land Assets Limited
BLISSGVS,131.4,BLB Limited
BLKASHYAP,83.35,Bliss GVS Pharma Limited
BLS,366.35,B. L. Kashyap and Sons Limited
BLUECHIP,7.21,BLS International Services Limited
BLUECOAST,10.51,BLS E-Services Limited
BLBLIMITED,21,Blue Chip India Limited
BLSE,210.2,Blue Coast Hotels Limited
BLUEDART,8216,Blue Dart Express Limited
BLUEJET,502,Blue Jet Healthcare Limited
BOHRAIND,17.36,Blue Star Limited
BLUESTARCO,2005,Bodal Chemicals Limited
BODALCHEM,80.8,Bohra Industries Limited
BOROLTD,437.95,Bombay Dyeing & Mfg Company Limited
BOMDYEING,240.6,Borosil Limited
BORORENEW,446.1,BOROSIL RENEWABLES LIMITED
BOROSCI,178,Borosil Scientific Limited
BPCL,331,Bosch Limited
BPL,113.51,Bharat Petroleum Corporation Limited
BOSCHLTD,36761,BPL Limited
BRIGADE,1256,Brigade Enterprises Limited
BROOKS,144.2,Britannia Industries Limited
BRITANNIA,5776.7,Bharat Road Network Limited
BRNL,45.74,Brooks Laboratories Limited
BSL,219,BSE Limited
BSHSL,166,Bombay Super Hybrid Seeds Limited
BSE,4350,BSL Limited
BSOFT,593,BIRLASOFT LIMITED
BTML,13,Bodhi Tree Multimedia Limited
BURNPUR,6.7,Burnpur Cement Limited
BUTTERFLY,882,Butterfly Gandhimathi Appliances Limited
BVCL,56.53,Barak Valley Cements Limited
CALSOFT,19.34,The Byke Hospitality Ltd
CAMLINFINE,105.3,California Software Company Limited
BYKE,63.55,Camlin Fine Sciences Limited
CAMS,4640,Campus Activewear Limited
CAMPUS,295,Computer Age Management Services Limited
CANBK,102.74,Canara Bank
CANFINHOME,860,Can Fin Homes Limited
CAPACITE,355,Cantabil Retail India Limited
CAPLIPOINT,1904,Capacit'e Infraprojects Limited
CAPTRUST,122,Capital Small Finance Bank Limited
CAPITALSFB,291.65,Caplin Point Laboratories Limited
CARBORUNIV,1440.6,Capital Trust Limited
CANTABIL,240.5,Carborundum Universal Limited
CARTRADE,1004.5,Career Point Limited
CARERATING,1201.2,CARE Ratings Limited
CARYSIL,792,Cartrade Tech Limited
CAREERP,515,CARYSIL LIMITED
CASTROLIND,216.61,Castrol India Limited
CCHHL,19.35,Consolidated Construction Consortium Limited
CCL,640.1,Country Club Hospitality & Holidays Limited
CDSL,1547.05,CCL Products (India) Limited
CEATLTD,2975,Central Depository Services (India) Limited
CEIGALL,373.5,CEAT Limited
CELEBRITY,15.01,Ceigall India Limited
CELLO,857,Celebrity Fashions Limited
CENTENKA,571.5,Cello World Limited
CENTEXT,24.76,Century Enka Limited
CENTRUM,34.15,Century Extrusions Limited
CCCL,20.7,Central Bank of India
CENTRALBK,56.3,Centrum Capital Limited
CENTUM,1831.1,Centum Electronics Limited
CERA,7630,Century Plyboards (India) Limited
CESC,192.35,Cera Sanitaryware Limited
CEREBRAINT,10.98,Cerebra Integrated Technologies Limited
CGCL,192.5,CESC Limited
CENTURYPLY,888,Capri Global Capital Limited
CGPOWER,791,CG Power and Industrial Solutions Limited
CHALET,865.15,Chalet Hotels Limited
CHEMBOND,592.7,Chambal Fertilizers & Chemicals Limited
CHEMCON,250,Chembond Chemicals Ltd
CHAMBLFERT,485.6,Chemcon Speciality Chemicals Limited
CHENNPETRO,906.55,Chemfab Alkalis Limited
CHOICEIN,487.45,Chemplast Sanmar Limited
CHEMPLASTS,479,Chennai Petroleum Corporation Limited
CHEVIOT,1273,Cheviot Company Limited
CHOLAFIN,1440,Choice International Limited
CHOLAHLDNG,1990,Cholamandalam Investment and Finance Company Limited
CIEINDIA,530,Cholamandalam Financial Holdings Limited
CHEMFAB,1139,CIE Automotive India Limited
CINELINE,110.05,Cigniti Technologies Limited
CIGNITITEC,1396.05,Cineline India Limited
CLEDUCATE,118.05,Cinevista Limited
CIPLA,1518.8,Cipla Limited
CLEAN,1586.8,Clean Science and Technology Limited
CINEVISTA,19.18,CL Educate Limited
CMICABLES,5.22,Chaman Lal Setia Exports Limited
CLSEL,315,CMI Limited
CMSINFO,581,CMS Info Systems Limited
COALINDIA,484.6,Coal India Limited
COFFEEDAY,33,Coastal Corporation Limited
COFORGE,6810,Cochin Shipyard Limited
COCHINSHIP,1530,Coffee Day Enterprises Limited
COASTCORP,256,Coforge Limited
COMPUSOFT,29.94,Colgate Palmolive (India) Limited
COLPAL,3345,Compuage Infocom Limited
COMPINFO,3.13,Compucom Software Limited
COMSYN,60.35,Commercial Syn Bags Limited
CONCOR,845.3,Container Corporation of India Limited
CONCORDBIO,1932,Concord Biotech Limited
CONFIPET,79.61,Confidence Petroleum India Limited
CORALFINAC,51,Consolidated Finvest & Holdings Limited
CONTROLPR,800.75,Control Print Limited
CONSOFINVT,217.5,Coral India Finance & Housing Limited
CORDSCABLE,205,Cords Cable Industries Limited
COSMOFIRST,765.9,Coromandel International Limited
COROMANDEL,1600.5,COSMO FIRST LIMITED
COUNCODOS,6.56,Country Condo's Limited
CRAFTSMAN,5881,Craftsman Automation Limited
CREATIVE,831,Creative Newtech Limited
CREST,485,Creative Eye Limited
CREDITACC,1014,CREDITACCESS GRAMEEN LIMITED
CREATIVEYE,9.49,Crest Ventures Limited
CRISIL,4923.65,CRISIL Limited
CROWN,246.2,Crompton Greaves Consumer Electricals Limited
CROMPTON,404,Crown Lifters Limited
CSBBANK,305.35,CSB Bank Limited
CSLFINANCE,379.5,CSL Finance Limited
CTE,94.99,Cambridge Technology Enterprises Limited
CUB,150.2,City Union Bank Limited
CUMMINSIND,3578.05,Cubex Tubings Limited
CUBEXTUB,110,Cummins India Limited
CUPID,75.98,Cupid Limited
CYBERMEDIA,27.45,Cyber Media (India) Limited
CYBERTECH,212,Cybertech Systems And Software Limited
CYIENT,1788,Cyient Limited
CYIENTDLM,708,Cyient DLM Limited
DABUR,568.65,Dabur India Limited
DALBHARAT,1841.8,Dalmia Bharat Limited
DALMIASUG,489,Dalmia Bharat Sugar and Industries Limited
DAMODARIND,44.4,Damodar Industries Limited
DANGEE,7.6,Dangee Dums Limited
DATAMATICS,586.7,Datamatics Global Services Limited
DAVANGERE,6.58,Data Patterns (India) Limited
DATAPATTNS,2364.85,Davangere Sugar Company Limited
DBCORP,332.6,D.B.Corp Limited
DBL,488.2,Dilip Buildcon Limited
DBREALTY,172.3,Dhampur Bio Organics Limited
DBOL,133.65,Valor Estate Limited
DBSTOCKBRO,50,DB (International) Stock Brokers Limited
DCBBANK,114.5,Dishman Carbogen Amcis Limited
DCAL,188,DCB Bank Limited
DCI,386.65,Dc Infotech And Communication Limited
DCM,95,DCM  Limited
DCMFINSERV,6.95,DCM Financial Services Limited
DCMNVL,209.22,DCM Nouvelle Limited
DCMSHRIRAM,1102,DCM Shriram Limited
DCMSRIND,192.8,DCM Shriram Industries Limited
DCW,102.35,DCW Limited
DCXINDIA,303.35,DCX Systems Limited
DECCANCE,595,Deccan Cements Limited
DELHIVERY,389.05,DEE Development Engineers Limited
DEEPAKFERT,987.5,Deepak Fertilizers and Petrochemicals Corporation Limited
DEN,47.25,Deepak Nitrite Limited
DEEPAKNTR,2778,Deep Industries Limited
DELPHIFX,337.8,Delhivery Limited
DEEDEV,242.95,DELPHI WORLD MONEY LIMITED
DEEPINDS,461,Delta Corp Limited
DELTAMAGNT,97.5,Delta Manufacturing Limited
DELTACORP,118.75,Den Networks Limited
DENORA,1460.45,De Nora India Limited
DHAMPURSUG,202.32,Dev Information Technology Limited
DEVIT,139.06,Devyani International Limited
DHARMAJ,314.15,Digicontent Limited
DHRUV,117.27,Dhampur Sugar Mills Limited
DHANI,61.3,Dhanlaxmi Bank Limited
DHANBANK,36.75,Dhani Services Limited
DHANUKA,1490,Dhanuka Agritech Limited
DGCONTENT,0,Dharmaj Crop Guard Limited
DHUNINV,2479.8,Dhruv Consultancy Services Limited
DIFFNKG,408.3,Dhunseri Investments Limited
DIACABS,1798,Diamond Power Infrastructure Limited
DIAMINESQ,533.5,Diamines & Chemicals Limited
DIAMONDYD,1089.95,Prataap Snacks Limited
DIGIDRIVE,45.46,DIC India Limited
DIGISPICE,31.48,Diffusion Engineers Limited
DICIND,786,Digidrive Distributors Limited
DIGJAMLMTD,85,DiGiSPICE Technologies Limited
DIVGIITTS,600,Digjam Limited
DIL,5.6,Debock Industries Limited
DIXON,15361.45,Dish TV India Limited
DISHTV,13.28,Divgi Torqtransfer Systems Limited
DIVISLAB,5915,Divi's Laboratories Limited
DEVYANI,171.75,Dixon Technologies (India) Limited
DLF,858.7,DJ Mediaprint & Logistics Limited
DODLA,1286.5,DLF Limited
DMCC,260.1,D-Link (India) Limited
DMART,3965.15,Avenue Supermarts Limited
DOLATALGO,135.9,DMCC SPECIALITY CHEMICALS LIMITED
DLINKINDIA,538,Diligent Media Corporation Limited
DNAMEDIA,5.01,Dodla Dairy Limited
DJML,122,Dolat Algotech Limited
DOLLAR,524.7,Dollar Industries Limited
DOMS,2835,Dolphin Offshore Enterprises (India) Limited
DOLPHIN,540,DOMS Industries Limited
DPABHUSHAN,1858,Donear Industries Limited
DPWIRES,401,D. P. Abhushan Limited
DPSCLTD,18.15,DPSC Limited
DREAMFOLKS,457,D P Wires Limited
DSSL,1266,DRC Systems India Limited
DRREDDY,6694.05,Dreamfolks Services Limited
DRCSYSTEMS,24.21,Dredging Corporation of India Limited
DTIL,257.05,Dr. Reddy's Laboratories Limited
DONEAR,0,Dynacons Systems & Solutions Limited
DREDGECORP,999.45,Dhunseri Tea & Industries Limited
DUCON,8.04,Ducon Infratechnologies Limited
DVL,457.8,Dhunseri Ventures Limited
DWARKESH,67.52,Dwarikesh Sugar Industries Limited
DYNAMATECH,7550.2,Dynamic Cables Limited
ECLERX,2916,Dynamatic Technologies Limited
DYCL,577,Dynemic Products Limited
DYNPRO,435,E2E Networks Limited
EASEMYTRIP,31.66,Easy Trip Planners Limited
ECOSMOBLTY,434.2,eClerx Services Limited
E2E,3850,Ecos (India) Mobility & Hospitality Limited
EDELWEISS,113.81,Edelweiss Financial Services Limited
EIDPARRY,787.3,Educomp Solutions Limited
EDUCOMP,2.09,Eicher Motors Limited
EIFFL,200.05,EID Parry India Limited
EICHERMOT,4798.1,Euro India Fresh Foods Limited
EIHAHOTELS,375,EIH Associated Hotels Limited
EIMCOELECO,2772.35,EIH Limited
EIHOTEL,398.05,Eimco Elecon (India) Limited
EKC,191.6,Everest Kanto Cylinder Limited
ELECON,593.2,Eldeco Housing And Industries Limited
ELGIEQUIP,645.05,Elecon Engineering Company Limited
ELECTCAST,186.5,Electrosteel Castings Limited
ELGIRUBCO,100,Electrotherm (India) Limited
ELIN,216.5,Elgi Equipments Limited
EMAMILTD,698,Elgi Rubber Company Limited
EMAMIPAP,110.1,Elin Electronics Limited
EMAMIREAL,111.38,Emami Limited
EMBDL,129.5,Emami Paper Mills Limited
ELECTHERM,0,Emami Realty Limited
EMCURE,1445.5,Equinox India Developments Limited
EMMBI,133,Emcure Pharmaceuticals Limited
EMIL,205,Electronics Mart India Limited
ELDEHSG,851.1,Emkay Global Financial Services Limited
EMSLIMITED,836.5,Emmbi Industries Limited
EMUDHRA,902.8,EMS Limited
EMKAY,0,eMudhra Limited
ENDURANCE,2376,Endurance Technologies Limited
ENERGYDEV,22.5,Energy Development Company Limited
ENTERO,1386.8,Engineers India Limited
ENIL,197.1,Entertainment Network (India) Limited
ENGINERSIN,184.9,Entero Healthcare Solutions Limited
EPACK,393.95,EPACK Durable Limited
EPIGRAL,2151.2,Epigral Limited
EQUIPPP,22.2,EPL Limited
EPL,269,Equippp Social Impact Technologies Limited
EQUITASBNK,69.57,Equitas Small Finance Bank Limited
ERIS,1329.8,Eris Lifesciences Limited
ESAFSFB,45.4,Eros International Media Limited
ESABINDIA,6197,Esab India Limited
ESCORTS,3744.65,ESAF Small Finance Bank Limited
EROSMEDIA,18.93,Escorts Kubota Limited
ETHOSLTD,2924,Essar Shipping Limited
ESTER,141.55,Integra Essentia Limited
EUREKAFORB,574,Ester Industries Limited
ESSENTIA,3.37,Ethos Limited
ESSARSHPNG,37.72,Eureka Forbes Limited
EUROTEXIND,11.75,Eurotex Industries and Exports Limited
EVEREADY,406.7,Eveready Industries India Limited
EXCELINDUS,1498,Everest Industries Limited
EXCEL,0.74,Excel Realty N Infra Limited
EVERESTIND,967,Excel Industries Limited
EXICOM,313,Exicom Tele-Systems Limited
EXPLEOSOL,1280,Exide Industries Limited
EXXARO,90.1,Expleo Solutions Limited
FACT,884,Exxaro Tiles Limited
EXIDEIND,486,Fertilizers and Chemicals Travancore Limited
FAZE3Q,434.8,Fairchem Organics Limited
FAIRCHEMOR,1146,Faze Three Limited
FCL,403.75,Fineotex Chemical Limited
FCSSOFT,3.31,Future Consumer Limited
FEDERALBNK,192.75,FCS Software Solutions Limited
FCONSUMER,0.49,FDC Limited
FDC,536.5,The Federal Bank  Limited
FEL,0.78,Fedbank Financial Services Limited
FIEMIND,1604,Future Enterprises Limited
FEDFINA,109.15,Future Enterprises Limited
FELDVR,5.32,Fiberweb (India) Limited
FIBERWEB,41.37,Fiem Industries Limited
FILATEX,55.58,Filatex India Limited
FINEORG,4925.15,Filatex Fashions Limited
FILATFASH,1.11,Finolex Cables Limited
FINOPB,407.5,Fine Organic Industries Limited
FINCABLES,1280.05,Fino Payments Bank Limited
FINPIPE,320,Finolex Industries Limited
FLAIR,292.6,Brainbees Solutions Limited
FIRSTCRY,664.9,Five-Star Business Finance Limited
FLEXITUFF,71.79,Flair Writing Industries Limited
FIVESTAR,872.45,Flexituff Ventures International Limited
FLFL,2.28,Future Lifestyle Fashions Limited
FMNL,13.44,Gujarat Fluorochemicals Limited
FLUOROCHEM,4809,Federal-Mogul Goetze (India) Limited.
FMGOETZE,416,Future Market Networks Limited
FORCEMOT,6775,Focus Lighting and Fixtures Limited
FORTIS,603.35,Foods & Inns Limited
FOCUS,0,FORCE MOTORS LTD
FOSECOIND,4561,Fortis Healthcare Limited
FOODSIN,126.26,Foseco India Limited
FSC,1.92,Future Supply Chain Solutions Limited
GABRIEL,432,Firstsource Solutions Limited
FSL,325.3,Fusion Finance Limited
FUSION,201.32,Gabriel India Limited
GAEL,131.48,Gujarat Ambuja Exports Limited
GALAPREC,886,GAIL (India) Limited
GAIL,219.15,Gala Precision Engineering Limited
GALAXYSURF,2915,Galaxy Surfactants Limited
GALLANTT,355.1,Gallantt Ispat Limited
GANDHAR,230.45,Gandhar Oil Refinery (India) Limited
GANESHBE,144.5,Gandhi Special Tubes Limited
GANESHHOUC,965,Ganesha Ecosphere Limited
GANECOS,2294,Ganesh Benzoplast Limited
GANDHITUBE,759.1,Ganesh Housing Corporation Limited
GANGESSECU,223,Ganga Forging Limited
GANGOTRI,1.17,Ganges Securities Limited
GANGAFORGE,6.9,Gangotri Textiles Limited
GARFIBRES,4303,Garware Technical Fibres Limited
GATECH,0.74,Garuda Construction and Engineering Limited
GATEWAY,85,GACM Technologies Limited
GARUDA,101.5,GACM Technologies Limited
GATECHDVR,0.96,Gateway Distriparks Limited
GAYAHWS,1.3,Gayatri Highways Limited
GAYAPROJ,9.86,Gayatri Projects Limited
GEECEE,403,GeeCee Ventures Limited
GENCON,41.35,Geekay Wires Limited
GEEKAYWIRE,102.11,Generic Engineering Construction and Projects Limited
GENUSPOWER,413,Genesys International Corporation Limited
GENESYS,710.85,Gensol Engineering Limited
GENUSPAPER,23.45,Genus Paper & Boards Limited
GENSOL,807,Genus Power Infrastructures Limited
GEOJITFSL,133.83,Geojit Financial Services Limited
GEPIL,370.15,GE Power India Limited
GET&D,1768.9,The Great Eastern Shipping Company Limited
GESHIP,1242.75,GE T&D India Limited
GFSTEELS,8.49,GFL Limited
GFLLIMITED,119.34,Grand Foundry Limited
GHCL,589,GHCL Limited
GICHSGFIN,216.8,GHCL Textiles Limited
GHCLTEXTIL,88.45,GIC Housing Finance Limited
GILLANDERS,90.85,General Insurance Corporation of India
GICRE,380.3,Gillanders Arbuthnot & Company Limited
GINNIFILA,31.05,Gillette India Limited
GILLETTE,8603.9,Ginni Filaments Limited
GIPCL,216.8,Gujarat Industries Power Company Limited
GKWLIMITED,3050,GKW Limited
GLAND,1681,Gland Pharma Limited
GLENMARK,1714.2,GlaxoSmithKline Pharmaceuticals Limited
GLAXO,2636.1,Glenmark Pharmaceuticals Limited
GLOBALE,32.09,Gujarat Lease Financing Limited
GLOBAL,200,Global Education Limited
GLOSTERLTD,717,Globale Tessile Limited
GLOBUSSPR,1054.8,Global Vectra Helicorp Limited
GLOBE,4.75,Globe Textiles (India) Limited
GLS,1111,Globus Spirits Limited
GMBREW,805.15,Gloster Limited
GLOBALVECT,0,Glenmark Life Sciences Limited
GLFL,0,GM Breweries Limited
GMDCLTD,353.6,Gujarat Mineral Development Corporation Limited
GMMPFAUDLR,1435,GMM Pfaudler Limited
GMRINFRA,82.78,GMR Airports Infrastructure Limited
GMRP&UI,128,GMR Power and Urban Infra Limited
GNFC,640.75,GNA Axles Limited
GNA,420,Gujarat Narmada Valley Fertilizers and Chemicals Limited
GOCLCORP,417.7,Goa Carbon Limited
GOACARBON,752.15,GOCL Corporation Limited
GODFRYPHLP,6634,Go Fashion (India) Limited
GODHA,0.85,Godfrey Phillips India Limited
GODIGIT,358,Godha Cabcon & Insulation Limited
GOCOLORS,1209,Go Digit General Insurance Limited
GODREJCP,1315.8,Godrej Agrovet Limited
GODREJAGRO,763,Godrej Consumer Products Limited
GODREJIND,1014.5,Godrej Industries Limited
GODREJPROP,3039.9,Godrej Properties Limited
GOENKA,1.19,Goenka Diamond and Jewels Limited
GOKULAGRO,260.55,Gokaldas Exports Limited
GOKUL,52,Gokul Refoils and Solvent Limited
GOKEX,888,Gokul Agro Resources Limited
GOLDENTOBC,38.5,Golden Tobacco Limited
GOLDIAM,375,Goldiam International Limited
GOLDTECH,80,AION-TECH SOLUTIONS LIMITED
GOPAL,476,Goodluck India Limited
GOODLUCK,1022.65,Gopal Snacks Limited
GPPL,203.2,Goyal Aluminiums Limited
GPIL,193.2,Godawari Power And Ispat limited
GOYALALUM,9.42,Gujarat Pipavav Port Limited
GPTHEALTH,167.18,GPT Healthcare Limited
GPTINFRA,135.7,GPT Infraprojects Limited
GRANULES,590.2,Granules India Limited
GRAPHITE,549.8,Graphite India Limited
GRASIM,2712,Grasim Industries Limited
GREENLAM,510.8,Gravita India Limited
GRAVITA,2425,Greaves Cotton Limited
GREAVESCOT,191.97,Greenlam Industries Limited
GREENPANEL,390.85,Greenpanel Industries Limited
GREENPLY,391.5,Greenply Industries Limited
GREENPOWER,19.24,Orient Green Power Company Limited
GRMOVER,221,Grindwell Norton Limited
GRINFRA,1572.95,G R Infraprojects Limited
GRINDWELL,2381.55,GRM Overseas Limited
GRPLTD,3357,The Grob Tea Company Limited
GROBTEA,1120,GRP Limited
GRWRHITECH,3853.1,Garden Reach Shipbuilders & Engineers Limited
GSFC,211.5,Garware Hi-Tech Films Limited
GRSE,1805,Gujarat State Fertilizers & Chemicals Limited
GSLSU,192.01,Global Surfaces Limited
GSPL,391.4,Gujarat State Petronet Limited
GTL,13.61,GSS Infotech Limited
GTECJAINX,45.97,G-TEC JAINX EDUCATION LIMITED
GSS,72.3,GTL Limited
GTLINFRA,2.15,GTL Infrastructure Limited
GTPL,158.54,GTPL Hathway Limited
GUJALKALI,822.1,Gufic Biosciences Limited
GUJAPOLLO,310.55,Gujarat Alkalies and Chemicals Limited
GUFICBIO,448,Gujarat Apollo Industries Limited
GUJRAFFIA,44.01,Gujarat Gas Limited
GUJGASLTD,545.75,Gujarat Raffia Industries Limited
GULFPETRO,75.5,Gulf Oil Lubricants India Limited
GULFOILLUB,1250,GP Petroleums Limited
GULPOLY,205.56,Gulshan Polyols Limited
GVPTECH,11.99,GVK Power & Infrastructure Limited
GVKPIL,5.18,GVP Infotech Limited
HAL,4496.95,Hindustan Aeronautics Limited
HAPPSTMNDS,787.45,Happiest Minds Technologies Limited
HAPPYFORGE,1101.2,Happy Forgings Limited
HARDWYN,37.84,Hardwyn India Limited
HARIOMPIPE,617,Hariom Pipe Industries Limited
HARSHA,492.2,Harrisons  Malayalam Limited
HATHWAY,19.48,Harsha Engineers International Limited
HATSUN,1180,Hathway Cable & Datacom Limited
HARRMALAYA,0,Hatsun Agro Product Limited
HAVISHA,2.72,Havells India Limited
HCC,39.85,Sri Havisha Hospitality and Infrastructure Limited
HAVELLS,1814.95,HBL Power Systems Limited
HBLPOWER,592.25,HB Stockholdings Limited
HBSL,135,Hindustan Construction Company Limited
HCG,425.6,Healthcare Global Enterprises Limited
HCL-INSYS,17.85,HCL Infosystems Limited
HDFCAMC,4599,HCL Technologies Limited
HDIL,4.1,HDFC Asset Management Company Limited
HDFCLIFE,742.45,HDFC Bank Limited
HEADSUP,13.16,HDFC Life Insurance Company Limited
HEG,457.5,Housing Development and Infrastructure Limited
HECPROJECT,110.5,Heads UP Ventures Limited
HDFCBANK,1725,HEC Infra Projects Limited
HEIDELBERG,223.54,HEG Limited
HEMIPROP,189.98,HeidelbergCement India Limited
HERANBA,475,Hemisphere Properties India Limited
HERCULES,218.75,Heranba Industries Limited
HERITGFOOD,640.5,Hercules Hoists Limited
HEROMOTOCO,5242.35,Heritage Foods Limited
HCLTECH,1840.1,Hero MotoCorp Limited
HESTERBIO,2373,Hester Biosciences Limited
HEUBACHIND,542,Heubach Colorants India Limited
HEXATRADEX,291,Hexa Tradex Limited
HGINFRA,1405,HFCL Limited
HFCL,124,H.G. Infra Engineering Limited
HGS,763,Hinduja Global Solutions Limited
HIKAL,371.5,Hikal Limited
HILTON,81.01,HIL Limited
HIMATSEIDE,152.2,Hilton Metal Forging Limited
HIL,2800,Himatsingka Seide Limited
HINDCOMPOS,490.55,Hindalco Industries Limited
HINDALCO,737.7,Hindustan Composites Limited
HINDCON,47.07,Hindcon Chemicals Limited
HINDNATGLS,25.26,Hindustan Copper Limited
HINDCOPPER,314.6,Hindustan Motors Limited
HINDMOTORS,24.15,Hindusthan National Glass & Industries Limited
HINDOILEXP,210.8,Hindustan Oil Exploration Company Limited
HINDPETRO,413.85,Hindustan Petroleum Corporation Limited
HINDZINC,501.7,Hindustan Unilever Limited
HINDWAREAP,340,Hindware Home Innovation Limited
HINDUNILVR,2685.4,Hindustan Zinc Limited
HIRECT,1103.65,Hind Rectifiers Limited
HITECH,183.68,Hisar Metal Industries Limited
HISARMETAL,187.6,Hi-Tech Pipes Limited
HITECHCORP,302.6,Hitech Corporation Limited
HLEGLAS,372.9,The Hi-Tech Gears Limited
HITECHGEAR,801,HLE Glascoat Limited
HLVLTD,19.15,HLV LIMITED
HMT,78.97,HMA Agro Industries Limited
HMAAGRO,44.66,HMT Limited
HMVL,91.25,Hindustan Media Ventures Limited
HOMEFIRST,1128.8,Hindustan Foods Limited
HONASA,416.8,Home First Finance Company India Limited
HONAUT,51550,Honasa Consumer Limited
HNDFDS,607,Honeywell Automation India Limited
HOVS,76.25,Honda India Power Products Limited
HONDAPOWER,4022.5,HOV Services Limited
HPAL,87.35,HP Adhesives Limited
HPL,520.3,Hindprakash Industries Limited
HSCL,608.9,HPL Electric & Power Limited
HPIL,137.66,Himadri Speciality Chemical Limited
HUBTOWN,274,HT Media Limited
HUDCO,207.9,Hubtown Limited
HTMEDIA,25.39,Housing & Urban Development Corporation Limited
HYBRIDFIN,12.71,Huhtamaki India Limited
HUHTAMAKI,393,Hybrid Financial Services Limited
ICDSLTD,43.87,ICDS Limited
ICEMAKE,814.95,Ice Make Refrigeration Limited
ICICIBANK,1257.55,ICICI Bank Limited
ICICIPRULI,748,ICICI Lombard General Insurance Company Limited
ICIL,387.5,ICICI Prudential Life Insurance Company Limited
ICICIGI,2020.95,Indo Count Industries Limited
IEX,186.64,ICRA Limited
IEL,13.52,IDBI Bank Limited
IDBI,81.55,Vodafone Idea Limited
IFBAGRO,565,Ideaforge Technology Limited
ICRA,7056,IDFC First Bank Limited
IDFCFIRSTB,70.18,Indiabulls Enterprises Limited
IDEAFORGE,665,Indian Energy Exchange Limited
IDEA,8.52,IFB Agro Industries Limited
IFBIND,2329.85,IFB Industries Limited
IFCI,56.69,IFCI Limited
IGL,442,IFGL Refractories Limited
IGPL,570,Igarashi Motors India Limited
IFGLEXPOR,586.3,Indraprastha Gas Limited
IIFLSEC,421,IG Petrochemicals Limited
IKIO,275.5,IIFL Finance Limited
IIFL,436,IIFL Securities Limited
IGARASHI,696.75,Industrial Investment Trust Limited
IMAGICAA,77.4,IKIO Lighting Limited
IMFA,680,IL&FS Engineering and Construction Company Limited
IMPEXFERRO,3.4,IL&FS Transportation Networks Limited
INCREDIBLE,42,Imagicaaworld Entertainment Limited
IMPAL,1313,Indian Metals & Ferro Alloys Limited
IITL,0,India Motor Parts and Accessories Limited
INDBANK,45.18,Impex Ferro Tech Limited
INDGN,652.75,INCREDIBLE INDUSTRIES LIMITED
IL&FSENGG,38.9,Indbank Merchant Banking Services Limited
IL&FSTRANS,5.53,Indegene Limited
INDHOTEL,688,The Indian Hotels Company Limited
INDIACEM,360.25,The India Cements Limited
INDIANB,514,India Glycols Limited
INDIAMART,2519.2,Indiamart Intermesh Limited
INDIANCARD,261,Indian Bank
INDIAGLYCO,1319.55,Indian Card Clothing Company Limited
INDIASHLTR,705.2,Indian Hume Pipe Company Limited
INDIANHUME,445.35,India Shelter Finance Corporation Limited
INDIGOPNTS,1650,InterGlobe Aviation Limited
INDNIPPON,705,Indigo Paints Limited
INDIGO,4589.8,India Nippon Electricals Limited
INDOBORAX,201.7,Indo Amines Limited
INDOAMIN,185.9,Indo Borax & Chemicals Limited
INDORAMA,42.7,Indoco Remedies Limited
INDOCO,333,Indo Rama Synthetics (India) Limited
INDOSTAR,260,IndoStar Capital Finance Limited
INDOTECH,2400.95,Indo Tech Transformers Limited
INDOUS,260,Indo Thai Securities Limited
INDRAMEDCO,419.9,Indo Us Biotech Limited
INDSWFTLAB,125.16,Indowind Energy Limited
INDOWIND,22.02,Indraprastha Medical Corporation Limited
INDSWFTLTD,21.39,Ind-Swift Laboratories Limited
INDTERRAIN,53.52,Ind-Swift Limited
INDOTHAI,0,Indian Terrain Fashions Limited
INDUSTOWER,373.85,IndusInd Bank Limited
INDUSINDBK,1306.45,Indus Towers Limited
INFIBEAM,28.29,Infibeam Avenues Limited
INFOMEDIA,7.93,InfoBeans Technologies Limited
INGERRAND,4366,Infomedia Press Limited
INFOBEAN,394.45,Infosys Limited
INNOVACAP,725.65,Ingersoll Rand (India) Limited
INOXINDIA,1132,Innova Captab Limited
INFY,1850.1,Inox Green Energy Services Limited
INOXGREEN,177.65,INOX India Limited
INOXWIND,217.69,Inox Wind Limited
INSECTICID,799.35,Insecticides (India) Limited
INTERARCH,1576,Inspirisys Solutions Limited
INVENTURE,2.33,Intellect Design Arena Limited
INTELLECT,838,Intense Technologies Limited
IOC,159.75,Interarch Building Products Limited
IOB,53.18,International Conveyors Limited
INSPIRISYS,0,Inventure Growth & Securities Limited
INTLCONV,88.84,Indian Overseas Bank
INTENTECH,0,Indian Oil Corporation Limited
IOLCP,407,IOL Chemicals and Pharmaceuticals Limited
IONEXCHANG,673,ION Exchange (India) Limited
IRB,56.07,IPCA Laboratories Limited
IPCALAB,1621.85,India Pesticides Limited
IRCON,212.45,IRB Infrastructure Developers Limited
IPL,198,Ircon International Limited
IREDA,209.99,Indian Railway Catering And Tourism Corporation Limited
IRCTC,854.2,Indian Renewable Energy Development Agency Limited
IRMENERGY,399,Indian Railway Finance Corporation Limited
IRISDOREME,67.25,Iris Business Services Limited
IRFC,144.2,Iris Clothings Limited
ISFT,148,IRM Energy Limited
ISEC,849.85,ICICI Securities Limited
IRIS,0,Intrasoft Technologies Limited
ISGEC,1379,Isgec Heavy Engineering Limited
ITC,483.1,ITC Limited
ITI,235,India Tourism Development Corporation Limited
ITDCEM,567,ITD Cementation India Limited
ITDC,631.5,ITI Limited
IVP,219,IL&FS Investment Managers Limited
IWEL,12031,IVP Limited
IVC,11.2,Inox Wind Energy Limited
IXIGO,158,Le Travenues Technology Limited
J&KBANK,94.54,IZMO Limited
JAGRAN,88.61,The Jammu & Kashmir Bank Limited
JAGSNPHARM,485,Jagran Prakashan Limited
IZMO,402.8,Jagsonpal Pharmaceuticals Limited
JAIBALAJI,1100,Jai Balaji Industries Limited
JAICORPLTD,358.2,Jai Corp Limited
JAIPURKURT,39,Nandani Creation Limited
JAMNAAUTO,115.04,Jamna Auto Industries Limited
JAYAGROGN,292.8,Jash Engineering Limited
JAYBARMARU,96.4,Jayant Agro Organics Limited
JASH,2454,Jay Bharat Maruti Limited
JAYSREETEA,140.48,Jayaswal Neco Industries Limited
JAYNECOIND,45.05,Jayshree Tea & Industries Limited
JBCHEPHARM,1905.9,JB Chemicals & Pharmaceuticals Limited
JCHAC,2534.5,JBM Auto Limited
JETAIRWAYS,38.24,Johnson Controls - Hitachi Air Conditioning India Limited
JBMA,1744.6,Jet Airways (India) Limited
JETFREIGHT,15.12,Jet Freight Logistics Limited
JGCHEM,383.45,J.G.Chemicals Limited
JINDALSAW,344.95,JHS Svendgaard Laboratories Limited
JHS,26.68,Jindal Photo Limited
JINDALPOLY,791.8,Jindal Poly Films Limited
JINDALPHOT,784.95,Jindal Saw Limited
JINDALSTEL,948.15,Jindal Steel & Power Limited
JINDRILL,640,Jindal Drilling And Industries Limited
JINDWORLD,300.5,Jindal Worldwide Limited
JIOFIN,326.4,Jio Financial Services Limited
JISLJALEQS,59.93,Jain Irrigation Systems Limited
JISLDVREQS,31.16,Jain Irrigation Systems Limited
JITFINFRA,805,JITF Infralogistics Limited
JKCEMENT,4219.2,JK Cement Limited
JKLAKSHMI,812,J.Kumar Infraprojects Limited
JKIL,720,JK Lakshmi Cement Limited
JKPAPER,472.3,JK Paper Limited
JKTYRE,398,JK Tyre & Industries Limited
JMA,100.5,Jupiter Life Line Hospitals Limited
JLHL,1335,Jullundur Motor Agency (Delhi) Limited
JNKINDIA,670,JM Financial Limited
JOCIL,195.1,JNK India Limited
JMFINANCIL,147,Jocil Limited
JPOLYINVST,824,Jaiprakash Associates Limited
JPASSOCIAT,7.71,Jindal Poly Investment and Finance Company Limited
JSWHL,10735,Jaiprakash Power Ventures Limited
JPPOWER,19.13,Jana Small Finance Bank Limited
JSFB,509,Jindal Stainless Limited
JSWENERGY,686.1,JSW Energy Limited
JSWINFRA,309.85,JSW Holdings Limited
JSWSTEEL,981,JSW Infrastructure Limited
JTEKTINDIA,170.6,JSW Steel Limited
JUBLFOOD,619.8,Jtekt India Limited
JTLIND,208.12,JTL INDUSTRIES LIMITED
JUBLINGREA,732,Jubilant Foodworks Limited
JUBLINDS,1690,Jubilant Industries Limited
JYOTHYLAB,521,Jubilant Ingrevia Limited
JUNIPER,366.9,Jubilant Pharmova Limited
JUBLPHARMA,1190.95,Juniper Hotels Limited
JUSTDIAL,1158,Just Dial Limited
JSL,698.45,Jupiter Wagons Limited
JWL,506.7,Jyothy Labs Limited
JYOTICNC,1081.4,Jyoti CNC Automation Limited
JYOTISTRUC,30.58,Jyoti Structures Limited
KAJARIACER,1353.1,Kabra Extrusion Technik Limited
KABRAEXTRU,450,Kajaria Ceramics Limited
KAKATCEM,202.43,Kakatiya Cement Sugar & Industries Limited
KALYANI,119.3,Sai Silks (Kalamandir) Limited
KALYANIFRG,474.95,Kalyani Commercials Limited
KALAMANDIR,165.79,Kalyani Forge Limited
KALYANKJIL,702.5,Kalyan Jewellers India Limited
KAMDHENU,497.1,Kamat Hotels (I) Limited
KAMATHOTEL,200.79,Kamdhenu Limited
KANORICHEM,133.5,Kamdhenu Ventures Limited
KANANIIND,2.74,Kanani Industries Limited
KAPSTON,272,Kanoria Chemicals & Industries Limited
KAMOPAINTS,22.37,Kanpur Plastipack Limited
KANPRPLA,118.33,Kansai Nerolac Paints Limited
KANSAINER,278,Kapston Services Limited
KARMAENG,72.5,Karma Energy Limited
KAUSHALYA,948.4,Karur Vysya Bank Limited
KARURVYSYA,221.86,Kaushalya Infrastructure Development Corporation Limited
KAVVERITEL,56.99,Kavveri Telecom Products Limited
KAYA,459.9,Kaya Limited
KAYNES,5653,Kaynes Technology India Limited
KBCGLOBAL,2.28,KBC Global Limited
KCPSUGIND,51,KCP Limited
KEC,977.05,KCP Sugar and Industries Corporation Limited
KDDL,2785,KDDL Limited
KCP,221.5,KEC International Limited
KELLTONTEC,146.85,Kirloskar Electric Company Limited
KEI,4062,DSJ Keep Learning Limited
KECL,189.45,KEI Industries Limited
KERNEX,735,Kellton Tech Solutions Limited
KFINTECH,1035,Kernex Microsystems (India) Limited
KEEPLEARN,5.92,Kesoram Industries Limited
KEYFINSERV,292.2,Keynote Financial Services Limited
KESORAMIND,205.59,Kfin Technologies Limited
KHADIM,400.05,Khadim India Limited
KHAICHEM,73.1,Khaitan Chemicals & Fertilizers Limited
KHANDSE,28,Khaitan (India) Limited
KHAITANLTD,89,Khandwala Securities Limited
KICL,7839.5,Kalyani Investment Company Limited
KILITCH,325,Kilitch Drugs (India) Limited
KIOCL,356.7,Krishna Institute of Medical Sciences Limited
KIMS,546.2,Kingfa Science & Technology (India) Limited
KINGFA,3101,KIOCL Limited
KIRLOSBROS,1840.2,Kiri Industries Limited
KIRIINDUS,369.55,Kirloskar Brothers Limited
KIRLOSENG,1147.05,Kirloskar Oil Engines Limited
KIRLOSIND,4927,Kirloskar Industries Limited
KIRLPNU,1448,Kirloskar Pneumatic Company Limited
KITEX,485.05,Kitex Garments Limited
KOLTEPATIL,389.25,Kewal Kiran Clothing Limited
KOKUYOCMLN,165.5,K.M.Sugar Mills Limited
KNRCON,305.9,KNR Constructions Limited
KMSUGAR,35.67,Kohinoor Foods Limited
KKCL,637,Kokuyo Camlin Limited
KOHINOOR,42.48,Kolte - Patil Developers Limited
KOPRAN,300,Kopran Limited
KOTAKBANK,1782.5,Kotak Mahindra Bank Limited
KOTARISUG,51.5,Kothari Sugars And Chemicals Limited
KOTHARIPRO,154.5,Kothari Petrochemicals Limited
KPIGREEN,800.5,Kothari Products Limited
KOTHARIPET,221.99,KPI Green Energy Limited
KRBL,287.9,Kalpataru Projects International Limited
KPIL,1276,KPIT Technologies Limited
KPITTECH,1734.05,K.P.R. Mill Limited
KPRMILL,918.15,KRBL Limited
KRIDHANINF,4.71,Krebs Biochemicals and Industries Limited
KRITIKA,12.8,Kridhan Infra Limited
KRISHANA,216,Krishana Phoschem Limited
KRITI,208,Kriti Industries (India) Limited
KRITINUT,147.68,Kritika Wires Limited
KRONOX,166.71,Kriti Nutrients Limited
KREBSBIO,0,KRN Heat Exchanger and Refrigeration Limited
KRN,452,Kronox Lab Sciences Limited
KROSS,179.22,Kross Limited
KRSNAA,821.1,Krsnaa Diagnostics Limited
KRYSTAL,722,Krystal Integrated Services Limited
KSB,885.1,Ksb Limited
KSL,806,Kaveri Seed Company Limited
KSHITIJPOL,7.01,Kshitij Polyline Limited
KSCL,885,Kalyani Steels Limited
KSOLVES,982.45,Ksolves India Limited
KTKBANK,216.92,The Karnataka Bank Limited
KUANTUM,131.95,Kuantum Papers Limited
LAGNAM,112.4,Lagnam Spintex Limited
LAKPRE,6.68,Lakshmi Precision Screws Limited
LALPATHLAB,3280,Lorenzini Apparels Limited
LAL,24,Dr. Lal Path Labs Ltd.
LAMBODHARA,155,Lambodhara Textiles Limited
LASA,26.15,Lancor Holdings Limited
LANDMARK,641.9,Landmark Cars Limited
LATENTVIEW,476.35,La Opala RG Limited
LAOPALA,341.4,Lasa Supergenerics Limited
LANCORHOL,36.6,Latent View Analytics Limited
LAURUSLABS,462.1,Latteys Industries Limited
LAXMICOT,34.52,Laurus Labs Limited
LEMONTREE,119.95,Laxmi Cotspin Limited
LEXUS,43.14,LCC Infotech Limited
LFIC,264.15,Lemon Tree Hotels Limited
LGBBROSLTD,1309,Lexus Granito (India) Limited
LATTEYS,0,Lakshmi Finance & Industrial Corporation Limited
LIBERTSHOE,552,LG Balakrishnan & Bros Limited
LIBAS,16.9,Laxmi Goldorna House Limited
LGHL,290,Libas Consumer Products Limited
LCCINFOTEC,0,Liberty Shoes Limited
LICHSGFIN,606,LIC Housing Finance Limited
LIKHITHA,363.4,Life Insurance Corporation Of India
LICI,922.95,Likhitha Infrastructure Limited
LINC,605.3,Linc Limited
LINCOLN,659,Lincoln Pharmaceuticals Limited
LMW,16540.4,Linde India Limited
LINDEINDIA,8157,LLOYDS ENGINEERING WORKS LIMITED
LLOYDSENGG,78.9,Lloyds Enterprises Limited
LLOYDSENT,51.12,Lloyds Metals And Energy Limited
LLOYDSME,999.75,LMW Limited
LODHA,1135.05,Macrotech Developers Limited
LORDSCHLO,134,Lokesh Machines Limited
LOKESHMACH,373,Lords Chloro Alkali Limited
LOTUSEYE,71.9,Lotus Eye Hospital and Institute Limited
LOVABLE,132.5,Lovable Lingerie Limited
LPDC,10.6,Loyal Textile Mills Limited
LOYALTEX,548.75,Landmark Property Development Company Limited
LTIM,5923,Larsen & Toubro Limited
LTFOODS,410.5,L&T Finance Limited
LT,3577,LT Foods Limited
LTF,157.49,LTIMindtree Limited
LTTS,5255,L&T Technology Services Limited
LUMAXTECH,546,Lumax Industries Limited
LUMAXIND,2571,Lumax Auto Technologies Limited
LUPIN,2144.7,Lupin Limited
M&M,2998.95,Lux Industries Limited
LYKALABS,143,Laxmi Organic Industries Limited
LXCHEM,268,Lyka Labs Limited
LYPSAGEMS,7.15,Lypsa Gems & Jewellery Limited
LUXIND,1941,Mahindra & Mahindra Limited
MAANALU,231.4,Mahindra & Mahindra Financial Services Limited
MACPOWER,1215,Maan Aluminium Limited
M&MFIN,289,Macpower CNC Machines Limited
MADRASFERT,95.05,Madhav Marbles and Granites Limited
MADHAV,51.51,Madhucon Projects Limited
MAGADSUGAR,787,Madras Fertilizers Limited
MADHUCON,12.11,Magadh Sugar & Energy Limited
MAGNUM,46.37,Magnum Ventures Limited
MAHABANK,52.19,Bank of Maharashtra
MAHAPEXLTD,152,Maha Rashtra Apex Corporation Limited
MAHESHWARI,62.32,Mahamaya Steel Industries Limited
MAHEPC,119.55,Mahindra EPC Irrigation Limited
MAHASTEEL,218,Maheshwari Logistics Limited
MAHLOG,490,Mahindra Lifespace Developers Limited
MAHLIFE,508.25,Mahindra Logistics Limited
MAHSCOOTER,12340.1,Maharashtra Scooters Limited
MAHSEAMLES,602,Maharashtra Seamless Limited
MAITHANALL,1036,Maithan Alloys Limited
MALLCOM,1524,Mallcom (India) Limited
MALUPAPER,45.9,Malu Paper Mills Limited
MANAKCOAT,59.5,Manaksia Aluminium Company Limited
MANAKALUCO,30.44,Manaksia Coated Metals & Industries Limited
MANALIPETC,70.96,Manaksia Limited
MANAKSTEEL,66.9,Manaksia Steels Limited
MANAKSIA,95.25,Manali Petrochemicals Limited
MANCREDIT,139.04,Manappuram Finance Limited
MANAPPURAM,146.3,Manba Finance Limited
MANBA,156,Mangal Credit and Fincorp Limited
MANGLMCEM,809.95,Mangalam Drugs And Organics Limited
MANGALAM,115.9,Mangalore Chemicals & Fertilizers Limited
MANINDS,310.9,Mangalam Cement Limited
MANKIND,2631.2,Man Industries (India) Limited
MANOMAY,205.79,Man Infraconstruction Limited
MANINFRA,189.9,Mankind Pharma Limited
MANGCHEFER,132.45,Manomay Tex India Limited
MANORAMA,974,Manorama Industries Limited
MANYAVAR,1318,Mangalam Organics Limited
MAPMYINDIA,2138,Manugraph India Limited
MARALOVER,74.48,Vedant Fashions Limited
MANORG,554.9,C.E. Info Systems Limited
MANUGRAPH,23.52,Maral Overseas Limited
MARICO,662.6,Marathon Nextgen Realty Limited
MARATHON,589.9,Marico Limited
MARKSANS,273.9,Marine Electricals (India) Limited
MARSHALL,33.45,Marksans Pharma Limited
MARINE,221.43,Marshall Machines Limited
MARUTI,12140.05,Maruti Suzuki India Limited
MASFIN,295,MAS Financial Services Limited
MASTEK,2879,Mask Investments Limited
MAWANASUG,109.15,Mastek Limited
MATRIMONY,806.25,Matrimony.Com Limited
MASKINVEST,0,Mawana Sugars Limited
MAXHEALTH,950,Max Estates Limited
MAXESTATES,590.3,Max Healthcare Institute Limited
MAXIND,264,Max India Limited
MAZDOCK,4655,Mayur Uniquoters Ltd
MAYURUNIQ,603,Mazda Limited
MBAPL,228,Mazagon Dock Shipbuilders Limited
MAZDA,1290,Madhya Bharat Agro Products Limited
MCL,35.7,Mcnally Bharat Engineering Company Limited
MEDANTA,1040,MBL Infrastructure Limited
MEDIASSIST,628.8,Madhav Copper Limited
MBLINFRA,57.6,Mcleod Russel India Limited
MCX,6600.65,Multi Commodity Exchange of India Limited
MEDICAMEQ,513,Global Health Limited
MCLEODRUSS,29.66,Medi Assist Healthcare Services Limited
MBECL,4.47,Medicamen Biotech Limited
MEP,3.42,Medico Remedies Limited
METROBRAND,1213,Medplus Health Services Limited
MEDICO,50.8,Megasoft Limited
MEGASTAR,245,Megastar Foods Limited
MENONBE,122.4,Menon Bearings Limited
MFML,55.25,MEP Infrastructure Developers Limited
MEDPLUS,687,Metro Brands Limited
METROPOLIS,2210.1,Metropolis Healthcare Limited
MEGASOFT,65.76,Mahalaxmi Fabric Mills Limited
MFSL,1193,Max Financial Services Limited
MHRIL,378,Mangalam Global Enterprise Limited
MIRCELECTR,21.85,Mahanagar Gas Limited
MHLXMIRU,157,Mahalaxmi Rubtech Limited
MIDHANI,361,Mahindra Holidays & Resorts India Limited
MGL,1563.65,MIC Electronics Limited
MINDACORP,523.8,Mishra Dhatu Nigam Limited
MGEL,27.51,Minda Corporation Limited
MICEL,90.58,Mindteck (India) Limited
MIRZAINT,42.57,MIRC Electronics Limited
MINDTECK,0,Mirza International Limited
MITCON,105.3,MITCON Consultancy & Engineering Services Limited
MITTAL,2.07,Mittal Life Style Limited
MMTC,79.18,M K Proteins Limited
MMP,375.15,MM Forgings Limited
MKPL,9.06,MMP Industries Limited
MODISONLTD,172.7,MMTC Limited
MMFL,533.2,Modi Rubber Limited
MODIRUBBER,129.15,MODISON LIMITED
MODTHREAD,58.65,Modern Threads (India) Limited
MOHITIND,28,Mohit Industries Limited
MOIL,357.2,MOIL Limited
MOL,105.51,Moksh Ornaments Limited
MOLDTECH,218.99,Meghmani Organics Limited
MOLDTKPAC,726,Mold-Tek Technologies Limited
MONARCH,420.4,Mold-Tek Packaging Limited
MOKSH,19,Monarch Networth Capital Limited
MORARJEE,10.8,Monte Carlo Fashions Limited
MONTECARLO,804,Morarjee Textiles Limited
MOREPENLAB,81.5,Morepen Laboratories Limited
MOTISONS,298.1,Samvardhana Motherson International Limited
MOTILALOFS,961.95,Motilal Oswal Financial Services Limited
MPHASIS,2979,Motisons Jewellers Limited
MOTHERSON,199.25,The Motor & General Finance Limited
MOTOGENFIN,36.67,MphasiS Limited
MPSLTD,2200,MPS Limited
MRO-TEK,93,MRF Limited
MRF,128249.95,MRO-TEK Realty Limited
MRPL,157.6,Mangalore Refinery and Petrochemicals Limited
MSTCLTD,702,MSP Steel & Power Limited
MSPL,47,Mstc Limited
MTARTECH,1668,Motherson Sumi Wiring India Limited
MSUMI,63.6,Mtar Technologies Limited
MUFIN,101.7,MT Educare Limited
MTNL,50.25,Mahanagar Telephone Nigam Limited
MTEDUCARE,3.14,Mufin Green Finance Limited
MUFTI,183,Credo Brands Marketing Limited
MUKANDLTD,152.1,Mukand Limited
MUKKA,46.06,Mukka Proteins Limited
MUKTAARTS,83.89,Mukta Arts Limited
MURUDCERA,54.19,Munjal Auto Industries Limited
MUNJALAU,138.8,Munjal Showa Limited
MUTHOOTCAP,351,Murudeshwar Ceramics Limited
MUTHOOTFIN,1941,Muthoot Capital Services Limited
MUTHOOTMF,212,Muthoot Finance Limited
MVGJL,244.8,Muthoot Microfin Limited
MUNJALSHOW,157.76,Manoj Vaibhav Gems N Jewellers Limited
NACLIND,52.31,NACL Industries Limited
NAGAFERT,10.57,Nagarjuna Fertilizers and Chemicals Limited
NAGREEKCAP,28.89,Nagreeka Capital & Infrastructure Limited
NAGREEKEXP,37.99,Nagreeka Exports Limited
NAHARCAP,337.5,Nahar Capital and Financial Services Limited
NAHARPOLY,250.7,Nahar Industrial Enterprises Limited
NAHARINDUS,145.78,Nahar Poly Films Limited
NAHARSPING,284,Nahar Spinning Mills Limited
NAM-INDIA,701.55,Nippon Life India Asset Management Limited
NARMADA,15.51,Narmada Agrobase Limited
NATIONALUM,230,Natco Pharma Limited
NATCOPHARM,1369.95,Nath Bio-Genes (India) Limited
NATHBIOGEN,204.9,National Aluminium Company Limited
NAVINFLUOR,3296.75,Info Edge (India) Limited
NAVKARCORP,132.8,NAVA LIMITED
NAUKRI,7920,Navin Fluorine International Limited
NAVA,960.9,Navkar Corporation Limited
NAZARA,904.95,Navneet Education Limited
NBIFIN,2601,Nazara Technologies Limited
NAVNETEDUL,135,NBCC (India) Limited
NBCC,102.49,N. B. I. Industrial Finance Company Limited
NCLIND,202.7,NCC Limited
NCC,302,NCL Industries Limited
NDGL,5920,Naga Dhunseri Group Limited
NDLVENTURE,113.25,Nandan Denim Limited
NDL,5.41,NDL Ventures Limited
NDRAUTO,803.85,Ndr Auto Components Limited
NDTV,174.05,New Delhi Television Limited
NECCLTD,29.22,North Eastern Carrying Corporation Limited
NELCO,958,Nectar Lifesciences Limited
NELCAST,123.03,Nelcast Limited
NECLIFE,36.33,NELCO Limited
NEOGEN,1980,Neogen Chemicals Limited
NESCO,933.25,Nesco Limited
NETWORK18,79.94,Nestle India Limited
NESTLEIND,2356.45,Netweb Technologies India Limited
NETWEB,2748,Network18 Media & Investments Limited
NEULANDLAB,13560.5,Neuland Laboratories Limited
NEWGEN,1267,Newgen Software Technologies Limited
NEXTMEDIA,7,Next Mediaworks Limited
NFL,114.9,National Fertilizers Limited
NGLFINE,2107.8,Nakoda Group of Industries Limited
NGIL,40,NGL Fine-Chem Limited
NH,1275.35,Narayana Hrudayalaya Ltd.
NIITLTD,168.1,NHPC Limited
NIBL,33.41,The New India Assurance Company Limited
NHPC,81.8,NRB Industrial Bearings Limited
NIACL,206.99,NIIT Limited
NIITMTS,496,NIIT Learning Systems Limited
NILKAMAL,1877.1,Nila Infrastructures Limited
NIPPOBATRY,555,Nila Spaces Limited
NILAINFRA,12.39,Nilkamal Limited
NINSYS,573,NINtec Systems Limited
NIRAJISPAT,236.39,Indo-National Limited
NITCO,120.01,Niraj Cement Structurals Limited
NIRAJ,65,Niraj Ispat Industries Limited
NITINSPIN,406.35,Nitco Limited
NITIRAJ,252,Nitin Spinners Limited
NILASPACES,0,Nitiraj Engineers Limited
NKIND,48,NK Industries Limited
NLCINDIA,256.95,NLC India Limited
NORTHARC,249.9,NMDC Limited
NMDC,225.14,NOCIL Limited
NOCIL,289.3,Noida Toll Bridge Company Limited
NOIDATOLL,14.25,Norben Tea & Exports Limited
NOVAAGRI,62.44,Northern Arc Capital Limited
NRBBEARING,268.5,Nova Agritech Limited
NRAIL,341.6,N R Agarwal Industries Limited
NRL,129.69,NRB Bearing Limited
NORBTEAEXP,0,Nupur Recyclers Limited
NSIL,7753,Nalwa Sons Investments Limited
NSLNISP,47.95,NMDC Steel Limited
NTL,3.27,Neueon Towers Limited
NTPC,423,NTPC Limited
NURECA,295.45,Nucleus Software Exports Limited
NUCLEUS,1231.85,Nureca Limited
NUVOCO,344.5,Nuvama Wealth Management Limited
NYKAA,182,Nuvoco Vistas Corporation Limited
OAL,593.4,FSN E-Commerce Ventures Limited
NUVAMA,6946,Oriental Aromatics Limited
OBCL,56.76,Orissa Bengal Carrier Limited
OCCL,262,Oberoi Realty Limited
OBEROIRLTY,1989.3,Oriental Carbon & Chemicals Limited
OFSS,11175,Oracle Financial Services Software Limited
OIL,530.5,Oil India Limited
OLAELEC,81.4,Oil Country Tubular Limited
OMAXAUTO,120.3,Ola Electric Mobility Limited
OILCOUNTUB,0,Olectra Greentech Limited
OMAXE,121,Omax Autos Limited
OLECTRA,1719.9,Omaxe Limited
ONGC,276.6,OM INFRA LIMITED
OMINFRAL,161.75,Omkar Speciality Chemicals Limited
OMKARCHEM,8.5,Onelife Capital Advisors Limited
ONEPOINT,63.18,One Point One Solutions Limited
ONMOBILE,83.35,Oil & Natural Gas Corporation Limited
ONELIFECAP,17.53,OnMobile Global Limited
ONWARDTEC,368,Onward Technologies Limited
OPTIEMUS,678,Optiemus Infracom Limited
ORCHPHARMA,1320,Orbit Exports Limited
ORBTEXP,188.67,Orchid Pharma Limited
ORICONENT,36.49,Oricon Enterprises Limited
ORIENTALTL,11.62,Oriental Trimex Limited
ORIENTBELL,323,Orient Bell Limited
ORIENTCEM,352.8,Orient Cement Limited
ORIENTCER,49.22,ORIENT CERATECH LIMITED
ORIENTELEC,224.02,Orient Electric Limited
ORIENTHOT,173.1,Oriental Hotels Limited
ORIENTLTD,107.4,Orient Press Limited
ORIENTPPR,43.65,Orient Paper & Industries Limited
ORIENTTECH,291.5,Orient Technologies Limited
ORISSAMINE,8373,The Orissa Minerals Development Company Limited
ORTINGLOBE,18.82,Ortel Communications Limited
ORTEL,2.16,ORTIN GLOBAL LIMITED
OSIAHYPER,36.79,Osia Hyper Retail Limited
OSWALGREEN,48.81,Oswal Agro Mills Limited
OSWALSEEDS,23.34,Oswal Greentech Limited
PAGEIND,44577.2,ShreeOswal Seeds And Chemicals Limited
PAISALO,48.3,Page Industries Limited
PALASHSECU,160.7,Paisalo Digital Limited
PAKKA,294.3,PAKKA LIMITED
PALREDTEC,110.11,Palash Securities Limited
OSWALAGRO,0,Palred Technologies Limited
PANACEABIO,326.3,Panacea Biotec Limited
PAR,237.5,Panache Digilife Limited
PANSARI,127,Panama Petrochem Limited
PANAMAPET,393.8,Pansari Developers Limited
PARAGMILK,209.19,Par Drugs And Chemicals Limited
PANACHE,0,Paramount Communications Limited
PARACABLES,72.8,Paradeep Phosphates Limited
PARADEEP,91.15,Parag Milk Foods Limited
PARAS,1018,Paras Defence and Space Technologies Limited
PARKHOTELS,155.11,Paras Petrofils Limited
PASUPTAC,46.98,Apeejay Surrendra Park Hotels Limited
PATANJALI,1778.9,Parsvnath Developers Limited
PATINTLOG,22.32,Pasupati Acrylon Limited
PATELENG,53.6,Patanjali Foods Limited
PARSVNATH,19.86,Patel Engineering Limited
PAVNAIND,665,Patel Integrated Logistics Limited
PARASPETRO,3.13,Pavna Industries Limited
PAYTM,725.25,One 97 Communications Limited
PCBL,464.25,PCBL LIMITED
PDSL,500,PC Jeweller Limited
PCJEWELLER,175.7,Pudumjee Paper Products Limited
PDMJEPAPER,113.47,PDS Limited
PEL,1032.1,Pearl Polymers Limited
PEARLPOLY,38.55,Piramal Enterprises Limited
PENINLAND,49.43,Pennar Industries Limited
PENIND,203.48,Peninsula Land Limited
PERSISTENT,5256,Persistent Systems Limited
PETRONET,345.9,Petronet LNG Limited
PFC,462.65,Power Finance Corporation Limited
PFS,46.01,Pfizer Limited
PFOCUS,150.21,Prime Focus Limited
PFIZER,5590,PTC India Financial Services Limited
PGEL,584.8,PG Electroplast Limited
PGHH,16301,Procter & Gamble Hygiene and Health Care Limited
PHOENIXLTD,1569.1,Procter & Gamble Health Limited
PGIL,953.25,Pearl Global Industries Limited
PGHL,5150,The Phoenix Mills Limited
PIDILITIND,3150,Pidilite Industries Limited
PIIND,4410,Power & Instrumentation (Gujarat) Limited
PIONEEREMB,48.99,PI Industries Limited
PILANIINVS,7536.05,Pilani Investment and Industries Corporation Limited
PILITA,15.75,PIL ITALICA LIFESTYLE LIMITED
PIGL,237.45,Pioneer Embroideries Limited
PIXTRANS,1507,Pitti Engineering Limited
PITTIENG,1300,Pix Transmissions Limited
PKTEA,416.1,The Peria Karamalai Tea & Produce Company Limited
PLASTIBLEN,270,Plastiblends India Limited
PNB,101.95,Platinum Industries Limited
PLATIND,468,Plaza Wires Limited
PLAZACABLE,82,Punjab National Bank
PNBGILTS,118.25,PNB Gilts Limited
PNBHOUSING,916.15,PNB Housing Finance Limited
PNGJL,738,Pritish Nandy Communications Limited
PNC,63.4,PNC Infratech Limited
POCL,1007.9,P N Gadgil Jewellers Limited
PNCINFRA,366.8,Pondy Oxides & Chemicals Limited
PODDARMENT,400,Poddar Housing and Development Limited
PODDARHOUS,73.81,Poddar Pigments Limited
POKARNA,1054.85,Pokarna Limited
POLICYBZR,1662.5,PB Fintech Limited
POLYCAB,6838,Polycab India Limited
POLYMED,2430,Poly Medicure Limited
POLYPLEX,1192,Polyplex Corporation Limited
PONNIERODE,446,Ponni Sugars (Erode) Limited
POWERINDIA,14889.95,Poonawalla Fincorp Limited
POWERGRID,331.05,Power Grid Corporation of India Limited
POONAWALLA,377.1,Hitachi Energy India Limited
POWERMECH,3101.05,Power Mech Projects Limited
PPAP,192.99,PPAP Automotive Limited
PPL,555,Prakash Pipes Limited
PRAENG,32.65,Piramal Pharma Limited
PPLPHARMA,227,Prajay Engineers Syndicate Limited
PRAKASH,166.4,Praj Industries Limited
PRAKASHSTL,8.67,Prakash Industries Limited
PRECAM,304.5,Prakash Steelage Limited
PRECOT,431.35,Praxis Home Retail Limited
PRECWIRE,198.31,Precision Camshafts Limited
PREMEXPLN,501.95,Precot Limited
PRAJIND,772.8,Precision Wires India Limited
PREMIER,3.73,Premier Explosives Limited
PREMIERPOL,309,Premier Limited
PRAXIS,27.82,Premier Energies Limited
PREMIERENE,1038.8,Premier Polyfilm Limited
PRICOLLTD,464,Prestige Estates Projects Limited
PRESTIGE,1731.1,Pricol Limited
PRIMESECU,328.8,Prime Securities Limited
PRITI,135.82,Prince Pipes And Fittings Limited
PRINCEPIPE,535,Priti International Limited
PRIVISCL,1733,Pritika Auto Industries Limited
PRITIKAUTO,25.24,Privi Speciality Chemicals Limited
PROZONER,24.88,Prozone Realty Limited
PRSMJOHNSN,186.9,Prism Johnson Limited
PRUDENT,2688,Prudent Corporate Advisory Services Limited
PSB,51.9,Prudential Sugar Corporation Limited
PSPPROJECT,635,Punjab & Sind Bank
PRUDMOULI,74.36,PSP Projects Limited
PTC,179,PTC India Limited
PTCIL,12850,PTC Industries Limited
PTL,42.4,PTL Enterprises Limited
PUNJABCHEM,1166,Punjab Chemicals & Crop Protection Limited
PURVA,429.95,Puravankara Limited
PVP,26.62,PVP Ventures Limited
PVRINOX,1580.85,PVR INOX Limited
PVSL,186.88,Popular Vehicles and Services Limited
QUESS,723,Pyramid Technoplast Limited
PYRAMID,211.05,Quess Corp Limited
QUICKHEAL,668,Quick Heal Technologies Limited
QUINTEGRA,1.57,Quintegra Solutions Limited
RADHIKAJWE,133.4,Race Eco Chain Limited
RACE,379.7,Radaan Mediaworks India Limited
RADAAN,3.48,Radhika Jeweltech Limited
RADIANTCMS,80.94,Radiant Cash Management Services Limited
RADIOCITY,15.07,Radico Khaitan Limited
RADICO,2187.2,Music Broadcast Limited
RAILTEL,409.2,Railtel Corporation Of India Limited
RAIN,169.99,Rain Industries Limited
RAINBOW,1404,Rainbow Childrens Medicare Limited
RAJESHEXPO,273.5,Rajesh Exports Limited
RAJMET,9.8,Rajnandini Metal Limited
RAJRATAN,566.75,Rajratan Global Wire Limited
RAJRILTD,22.99,Raj Rayon Industries Limited
RAJTV,44,Rajshree Sugars & Chemicals Limited
RAJSREESUG,67.68,Raj Television Network Limited
RAMASTEEL,12.9,Rajvir Industries Limited
RAMANEWS,18.7,Rallis India Limited
RAMAPHO,209.72,Shree Rama Newsprint Limited
RAMCOCEM,832.9,Rama Phosphates Limited
RALLIS,344.35,Rama Steel Tubes Limited
RAJVIR,8.46,The Ramco Cements Limited
RAMCOIND,242,Ramco Industries Limited
RAMCOSYS,391.1,Ramco Systems Limited
RAMKY,642.5,Ramky Infrastructure Limited
RANEHOLDIN,1949.75,Ram Ratna Wires Limited
RANASUG,20.6,Rana Sugars Limited
RATEGAIN,742,Rane Engine Valve Limited
RAMRAT,645.5,Rane Holdings Limited
RANEENGINE,455.75,Rategain Travel Technologies Limited
RATNAMANI,3555,Ratnamani Metals & Tubes Limited
RBA,99,Ratnaveer Precision Engineering Limited
RAYMONDLSL,2413.15,Raymond Limited
RAYMOND,1689,Raymond Lifestyle Limited
RBLBANK,177,Restaurant Brands Asia Limited
RBL,1090,Rane Brake Lining Limited
RBZJEWEL,195,RBL Bank Limited
RCF,166.85,RBZ Jewellers Limited
RATNAVEER,186.34,Rashtriya Chemicals and Fertilizers Limited
RCOM,2.32,Reliance Communications Limited
RECLTD,529,REC Limited
REDTAPE,937,Redington Limited
REFEX,495.1,Redtape Limited
REDINGTON,174,Refex Industries Limited
RELAXO,774.1,Regency Ceramics Limited
RELIANCE,2736,Relaxo Footwears Limited
RELCHEMQ,210.25,Reliance Chemotex Industries Limited
RELIGARE,264.05,Reliable Data Services Limited
RELIABLE,75.5,Reliance Industries Limited
REGENCERAM,0,Religare Enterprises Limited
RELTD,143.13,Reliance Infrastructure Limited
RELINFRA,267.2,Ravindra Energy Limited
RENUKA,42.6,Remsons Industries Limited
REPCOHOME,501,Shree Renuka Sugars Limited
REMSONSIND,193.16,Repco Home Finance Limited
REPRO,574.95,Rudrabhishek Enterprises Limited
RESPONIND,281,Repro India Limited
RETAIL,51.11,Responsive Industries Limited
RGL,182.2,JHS Svendgaard Retail Ventures Limited
REPL,208.01,Revathi Equipment India Limited
RHFL,4.51,Renaissance Global Limited
REVATHIEQU,2250,Reliance Home Finance Limited
RHL,215,RHI MAGNESITA INDIA LIMITED
RHIM,593,Robust Hotels Limited
RICOAUTO,99.34,Rico Auto Industries Limited
RITES,299.75,Reliance Industrial Infrastructure Limited
RIIL,1198,Rishabh Instruments Limited
RITCO,388.75,Ritco Logistics Limited
RKDL,24.28,RITES Limited
RKFORGE,993.8,Ravi Kumar Distilleries Limited
ROHLTD,328.5,RKEC Projects Limited
RML,1036.9,Ramkrishna Forgings Limited
RISHABH,355.65,R K Swamy Limited
RKSWAMY,246.34,Rane (Madras) Limited
RKEC,128.66,Royal Orchid Hotels Limited
ROLEXRINGS,2230.8,Rolex Rings Limited
ROLTA,4.19,Rollatainers Limited
ROLLT,2.12,Rolta India Limited
ROSSELLIND,96,Raj Oil Mills Limited
RPEL,1357,Rossari Biotech Limited
ROML,48,Rossell India Limited
ROSSARI,831,Roto Pumps Limited
ROTO,554,ROUTE MOBILE LIMITED
RPGLIFE,2745.05,Raghav Productivity Enhancers Limited
ROUTE,1579.95,RPG Life Sciences Limited
RPPL,36,Reliance Power Limited
RPOWER,40.32,R.P.P. Infra Projects Limited
RPPINFRA,190.15,Rajshree Polypack Limited
RPTECH,375.3,RPSG VENTURES LIMITED
RPSGVENT,1064,Rashi Peripherals Limited
RSWM,196.51,R R Kabel Limited
RSSOFTWARE,271.25,R. S. Software (India) Limited
RTNINDIA,69.72,RSWM Limited
RRKABEL,1681.1,R Systems International Limited
RTNPOWER,15.24,RattanIndia Enterprises Limited
RSYSTEMS,517,RattanIndia Power Limited
RUBFILA,78.01,Rubfila International Limited
RUBYMILLS,254.05,The Ruby Mills Limited
RUCHINFRA,13.44,Ruchi Infrastructure Limited
RUCHIRA,127.7,Ruchira Papers Limited
RUSTOMJEE,711.25,Rupa & Company Limited
RVHL,53,Rushil Decor Limited
RUSHIL,33.14,Keystone Realtors Limited
S&SPOWER,412,Ravinder Heights Limited
RUPA,273,Rail Vikas Nigam Limited
RVNL,463.8,S&S Power Switchgears Limited
SABEVENTS,16.08,Sab Events & Governance Now Media Limited
SADBHAV,32.82,Sri Adhikari Brothers Television Network Limited
SADBHIN,6.53,Sadbhav Engineering Limited
SAFARI,2416.4,Sadbhav Infrastructure Project Limited
SAGARDEEP,27,Sadhana Nitrochem Limited
SABTNL,1132.85,Safari Industries (India) Limited
SADHNANIQ,52.5,Sagardeep Alloys Limited
SAGCEM,215.9,Sagar Cements Limited
SAHYADRI,338.2,Sah Polymers Limited
SAH,93.25,Sahyadri Industries Limited
SAIL,126.6,Steel Authority of India Limited
SAKHTISUG,37.48,Sakar Healthcare Limited
SAKSOFT,231.35,Sakthi Sugars Limited
SAKAR,316.3,Saksoft Limited
SALONA,287.95,Sakuma Exports Limited
SALSTEEL,26.44,Salasar Techno Engineering Limited
SAKUMA,4.18,Salona Cotspin Limited
SAMBHAAV,5.82,S.A.L. Steel Limited
SALASAR,18.35,Salzer Electronics Limited
SAMHI,198.1,Sambhaav Media Limited
SALZERELEC,1071.2,Samhi Hotels Limited
SANDESH,1655.05,Sammaan Capital Limited
SAMPANN,27.7,Sampann Utpadan India Limited
SANCO,4.35,Sanco Industries Limited
SANDUMA,440.65,The Sandesh Limited
SAMMAANCAP,142.01,Sandhar Technologies Limited
SANDHAR,504.1,Sandur Manganese & Iron Ores Limited
SANGAMIND,402.9,Sangam (India) Limited
SANGHIIND,80.1,Sanghi Industries Limited
SANGINITA,15.41,Sanghvi Movers Limited
SANGHVIMOV,431.75,Sanginita Chemicals Limited
SANOFI,6696.7,Sanofi India Limited
SANOFICONR,4860,Sanofi Consumer Healthcare India Limited
SAPPHIRE,345,Sansera Engineering Limited
SANSERA,1540,Sanstar Limited
SANSTAR,125,Sanwaria Consumer Limited
SANWARIA,0.46,Sapphire Foods India Limited
SARLAPOLY,87,Sarda Energy & Minerals Limited
SARVESHWAR,10.45,Saregama India Limited
SARDAEN,488,Sarla Performance Fibers Limited
SAREGAMA,508.1,Sarveshwar Foods Limited
SASKEN,1711,Sasken Technologies Limited
SATIA,110.5,Sastasundar Ventures Limited
SASTASUNDR,301.1,Satia Industries Limited
SATIN,171,Satin Creditcare Network Limited
SAURASHCEM,109.5,Sat Industries Limited
SATINDLTD,133.99,Saurashtra Cement Limited
SBC,28.55,SBC Exports Limited
SBCL,667,Shivalik Bimetal Controls Limited
SBICARD,714.7,SBFC Finance Limited
SBILIFE,1707,Suratwwala Business Group Limited
SBFC,84.25,SBI Cards and Payment Services Limited
SBGLP,136.95,SBI Life Insurance Company Limited
SBIN,813,State Bank of India
SCHAND,210.15,Schaeffler India Limited
SCHAEFFLER,3965,S Chand And Company Limited
SCHNEIDER,800.3,Schneider Electric Infrastructure Limited
SCI,230.85,Shipping Corporation Of India Limited
SCILAL,64.25,Shipping Corporation of India Land and Assets Limited
SCPL,359,Sheetal Cool Products Limited
SECMARK,115.9,Som Distilleries & Breweries Limited
SDBL,103.9,Seamec Limited
SEAMECLTD,1395.25,SecMark Consultancy Limited
SECURCRED,3.97,SecUR Credentials Limited
SECURKLOUD,37.55,SECUREKLOUD TECHNOLOGIES LIMITED
SEJALLTD,519,Sejal Glass Limited
SELAN,832,Selan Exploration Technology Limited
SENCO,1354.9,SEL Manufacturing Company Limited
SELMC,47.43,SEMAC CONSULTANTS LIMITED
SEPC,26.75,Senco Gold Limited
SEMAC,403.3,SEPC Limited
SEQUENT,190,Sequent Scientific Limited
SERVOTECH,177.1,Servotech Power Systems Limited
SESHAPAPER,314.8,Seshasayee Paper and Boards Limited
SETUINFRA,0.96,Setco Automotive Limited
SETCO,10.43,Setubandhan Infrastructure Limited
SEYAIND,25.46,Seya Industries Limited
SFL,875.5,Sheela Foam Limited
SGIL,381.8,Synergy Green Industries Limited
SHAHALLOYS,74.82,STL Global Limited
SGL,17.97,Shah Metacorp Limited
SHAH,5.16,Shah Alloys Limited
SHAILY,914.8,Shaily Engineering Plastics Limited
SHAKTIPUMP,4460,Shakti Pumps (India) Limited
SHALBY,256,Shalby Limited
SHALPAINTS,123.4,Shalimar Paints Limited
SHANKARA,499.8,Shankara Building Products Limited
SHANTI,16.85,Shanti Overseas (India) Limited
SHANTIGEAR,597.2,Shanthi Gears Limited
SHAREINDIA,311.6,Sharda Cropchem Limited
SHARDAMOTR,2140.4,Sharda Motor Industries Limited
SHARDACROP,593,Share India Securities Limited
SHEKHAWATI,48.04,Shekhawati Industries Limited
SHEMAROO,166.9,Shemaroo Entertainment Limited
SHIVALIK,547.7,Shilpa Medicare Limited
SHILPAMED,840,Shivalik Rasayan Limited
SHOPERSTOP,730,Shivam Autotech Limited
SHIVAMAUTO,43.02,Shiva Mills Limited
SHREECEM,24207.6,Shiva Texyarn Limited
SHREDIGCEM,90.88,S H Kelkar and Company Limited
SHK,307.9,Shoppers Stop Limited
SHIVAMILLS,93.35,Shradha Infraprojects Limited
SHIVATEX,237.2,Shree Digvijay Cement Co.Ltd
SHRADHA,0,SHREE CEMENT LIMITED
SHREEPUSHK,269,Shree Pushkar Chemicals & Fertilisers Limited
SHREERAMA,28.95,Shree Rama Multi-Tech Limited
SHRENIK,0.76,Shrenik Limited
SHREYAS,364.1,Shreyans Industries Limited
SHREYANIND,250,Shreyas Shipping & Logistics Limited
SHRIRAMFIN,3309.8,Shriram Pistons & Rings Limited
SHRIPISTON,2107,Shriram Finance Limited
SHYAMCENT,17.5,Shriram Properties Limited
SHRIRAMPPS,113.19,Shyam Century Ferrous Limited
SIGIND,71,Shyam Metalics and Energy Limited
SIGNATURE,1482,Shyam Telecom Limited
SHYAMMETL,873.25,Sical Logistics Limited
SIGNPOST,230.05,Siemens Limited
SIL,27.21,Sigachi Industries Limited
SILGO,49.98,Signet Industries Limited
SIKKO,96.45,Sigma Solve Limited
SILINV,877.1,Signatureglobal (India) Limited
SIMBHALS,23.99,Signpost India Limited
SILVERTUC,720,Sikko Industries Limited
SHYAMTEL,15.04,Standard Industries Limited
SINCLAIR,93.47,Silgo Retail Limited
SIMPLEXINF,238.9,SIL Investments Limited
SICALLOG,158.95,Silly Monks Entertainment Limited
SILLYMONKS,22.6,Silver Touch Technologies Limited
SIEMENS,7488.8,Simbhaoli Sugars Limited
SINDHUTRAD,23.23,Simplex Infrastructures Limited
SINTERCOM,157,Sinclairs Hotels Limited
SIRCA,321,Sindhu Trade Links Limited
SIGACHI,48.98,Sintercom India Limited
SIS,399,Sirca Paints India Limited
SITINET,0.95,SIS LIMITED
SIYSIL,508.35,Siti Networks Limited
SJS,1090.1,Siyaram Silk Mills Limited
SIGMA,368.5,S.J.S. Enterprises Limited
SJVN,119,SJVN Limited
SKIL,5.39,SKF India Limited
SKIPPER,539.8,SKIL Infrastructure Limited
SKMEGGPROD,253.5,Skipper Limited
SKFINDIA,5299.65,SKM Egg Products Export (India) Limited
SMCGLOBAL,160.6,Sky Gold Limited
SMLISUZU,1804.05,Smartlink Holdings Limited
SKYGOLD,3337,SMC Global Securities Limited
SMARTLINK,235,SML Isuzu Limited
SMLT,187,Sarthak Metals Limited
SMSLIFE,1431,SMS Lifesciences India Limited
SMSPHARMA,307.55,SMS Pharmaceuticals Limited
SNOWMAN,75.21,Snowman Logistics Limited
SOBHA,1700.1,Sobha Limited
SOLARINDS,11200.9,Softtech Engineers Limited
SOFTTECH,349,Solara Active Pharma Sciences Limited
SOLARA,822.05,Solar Industries India Limited
SOMATEX,41.35,Somany Ceramics Limited
SOMANYCERA,701,Soma Textiles & Industries Limited
SONACOMS,633.55,Somi Conveyor Beltings Limited
SOMICONVEY,0,Sona BLW Precision Forgings Limited
SONATSOFTW,610.15,SONAM LIMITED
SONAMLTD,0,Sonata Software Limited
SOUTHBANK,24.9,Savita Oil Technologies Limited
SOTL,524.5,The South Indian Bank Limited
SPAL,861.85,South West Pinnacle Exploration Limited
SPANDANA,480,S. P. Apparels Limited
SPARC,210,Spandana Sphoorty Financial Limited
SOUTHWEST,121.79,Sun Pharma Advanced Research Company Limited
SPCENET,25.45,Spacenet Enterprises India Limited
SPECIALITY,164.26,Speciality Restaurants Limited
SPENCERS,95,Spencer's Retail Limited
SPORTKING,113.2,Southern Petrochemicals Industries Corporation  Limited
SPIC,79.8,SPL Industries Limited
SPLIL,56.5,Supreme Petrochem Limited
SPMLINFRA,228.85,SPML Infra Limited
SRD,100,Sportking India Limited
SREEL,263.4,Shankar Lal Rampal Dye-Chem Limited
SPLPETRO,789.95,Sreeleathers Limited
SRF,2280,SRF Limited
SRM,272.4,SRG Housing Finance Limited
SRGHFL,339.5,Sree Rayalaseema Hi-Strength Hypo Limited
SRPL,1.78,SRM Contractors Limited
STARCEMENT,206.21,Shree Ram Proteins Limited
SSDL,139.5,Saraswati Saree Depot Limited
SRHHYPOLTD,775.3,Steel Strips Wheels Limited
STANLEY,503.95,Stanley Lifestyles Limited
SSWL,211,Strides Pharma Science Limited
STAR,1639.5,Star Cement Limited
STARHEALTH,543,Star Health and Allied Insurance Company Limited
STARPAPER,209,Star Paper Mills Limited
STEELCAS,770.8,Starteck Finance Limited
STCINDIA,155,The State Trading Corporation of India Limited
STARTECK,275,Steelcast Limited
STEELCITY,97,Steel City Securities Limited
STEELXIND,11.93,STEEL EXCHANGE INDIA LIMITED
STEL,574.5,Stel Holdings Limited
STERTOOLS,533.85,Sterling Tools Limited
STLTECH,120.3,Sterlite Technologies Limited
STOVEKRAFT,864.95,Stove Kraft Limited
STYLAMIND,2315,Stylam Industries Limited
STYRENIX,2505,Baazar Style Retail Limited
SUBEXLTD,23.97,Styrenix Performance Materials Limited
SUBROS,671.1,Subex Limited
STYLEBAAZA,349.4,Subros Limited
SUDARSCHEM,1005,Sudarshan Chemical Industries Limited
SULA,423.9,Sukhjit Starch & Chemicals Limited
SUKHJITS,577,Sula Vineyards Limited
SUMICHEM,527.5,Sumitomo Chemical India Limited
SUMIT,135.5,Sumit Woods Limited
SUNCLAY,2215,Summit Securities Limited
SUMMITSEC,3173,Sundaram Clayton Limited
SUNDARMHLD,355.5,Sundaram Multi Pap Limited
SUNDARMFIN,5050,Sundaram Finance Limited
SUNDARAM,2.76,Sundaram Finance Holdings Limited
SUNDRMBRAK,868.9,Sundaram Brake Linings Limited
SUNTECK,575.1,Sundram Fasteners Limited
SUNFLAG,211.4,Sunflag Iron And Steel Company Limited
SUNPHARMA,1891,Sun Pharmaceutical Industries Limited
SUNTV,754.95,Sunteck Realty Limited
SUNDRMFAST,1385.6,Sun TV Network Limited
SUPREMEENG,3.29,Superhouse Limited
SUPERSPIN,9.8,Super Spinning Mills Limited
SUPERHOUSE,230.9,Suprajit Engineering Limited
SUPRAJIT,503.75,Supreme Engineering Limited
SUPREMEIND,5002.05,Supreme Industries Limited
SUPRIYA,540,Supreme Infrastructure India Limited
SURAJEST,777,Supriya Lifescience Limited
SUPREMEINF,127.24,Suraj Estate Developers Limited
SURYALAXMI,86.24,Suraj Limited
SUVEN,122.7,Surana Solar Limited
SURANAT&P,22.17,Surana Telecom and Power Limited
SUTLEJTEX,61.7,Suryalakshmi Cotton Mills Limited
SUULD,4.65,Surya Roshni Limited
SURYODAY,165.95,Suryoday Small Finance Bank Limited
SURANASOL,58.1,Sutlej Textiles and Industries Limited
SURYAROSNI,652.65,Suumaya Industries Limited
SUVENPHAR,1273.5,Suven Life Sciences Limited
SURAJLTD,455,Suven Pharmaceuticals Limited
SWANENERGY,519.1,Suvidhaa Infoserve Limited
SUZLON,70.6,Suyog Telematics Limited
SVLL,293.55,Suzlon Energy Limited
SUVIDHAA,5.15,Shree Vasu Logistics Limited
SUYOG,1670.1,SVP GLOBAL TEXTILES LIMITED
SWELECTES,1119.8,Swan Energy Limited
SWSOLAR,617.1,Swaraj Engines Limited
SWARAJENG,2924,Swelect Energy Systems Limited
SVPGLOB,6.19,Sterling and Wilson Renewable Energy Limited
SYMPHONY,1695.5,Symphony Limited
SYNGENE,854.1,Syncom Formulations (India) Limited
SYNCOMF,19.95,Syngene International Limited
SYRMA,400.2,Syrma SGS Technology Limited
TAJGVK,300,Tainwala Chemical and Plastic (I) Limited
TAINWALCHM,280.75,Taj GVK Hotels & Resorts Limited
TAKE,17.85,Take Solutions Limited
TARAPUR,0,Talbros Automotive Components Limited
TALBROAUTO,293.45,Tanla Platforms Limited
TARIL,814.8,Tara Chand InfraLogistic Solutions Limited
TANLA,807,Tarapur Transformers Limited
TATACHEM,1183.55,TARC Limited
TARSONS,410,Transformers And Rectifiers (India) Limited
TASTYBITE,12776,Tarmat Limited
TARACHAND,362,Tarsons Products Limited
TARC,246.3,Tasty Bite Eatables Limited
TARMAT,80.32,Tata Chemicals Limited
TATAMOTORS,902.75,Tata Communications Limited
TATAPOWER,453.7,TATA CONSUMER PRODUCTS LIMITED
TATAELXSI,7390,Tata Elxsi Limited
TATASTEEL,155,Tata Investment Corporation Limited
TATACOMM,1855,Tata Motors Limited
TATATECH,1051.25,Tata Power Company Limited
TATACONSUM,1015.9,Tata Steel Limited
TBOTEK,1668,Tata Technologies Limited
TATVA,966.15,Tatva Chintan Pharma Chem Limited
TATAINVEST,7051.3,TBO Tek Limited
TBZ,297,Tribhovandas Bhimji Zaveri Limited
TCI,1044,Transport Corporation of India Limited
TCIEXP,1013.9,TCI Express Limited
TCPLPACK,3400,TCI Finance Limited
TCIFINANCE,0,Tantia Constructions Limited
TECHIN,42.04,TCPL Packaging Limited
TECHM,1695.2,Tata Consultancy Services Limited
TCS,4071,TD Power Systems Limited
TEAMLEASE,2986,Teamlease Services Limited
TCLCONS,0,Techindia Nirman Limited
TECHNOE,1648.95,Tech Mahindra Limited
TDPOWERSYS,414,Techno Electric & Engineering Company Limited
TEGA,1813.75,TECIL Chemicals and Hydro Power Limited
TEJASNET,1322,Tega Industries Limited
TERASOFT,81.12,Tejas Networks Limited
TECILCHEM,24.3,Tembo Global Industries Limited
TEMBO,0,Tera Software Limited
TEXMOPIPES,73.91,Texmaco Infrastructure & Holdings Limited
TEXRAIL,199,Texmo Pipes and Products Limited
TEXINFRA,112.01,Texmaco Rail & Engineering Limited
TFCILTD,146.7,Tourism Finance Corporation of India Limited
THANGAMAYL,2320,Transwarranty Finance Limited
TFL,32.95,TGB Banquets And Hotels Limited
TGBHOTELS,15.3,Thangamayil Jewellery Limited
THEINVEST,217.35,The Investment Trust Of India Limited
THEJO,2242.5,Thejo Engineering Limited
THOMASCOOK,189.89,Themis Medicare Limited
THEMISMED,273.8,Thermax Limited
THYROCARE,903,Thomas Cook  (India)  Limited
THERMAX,5128.8,Thomas Scott (India) Limited
TIL,354,Thyrocare Technologies Limited
THOMASCOTT,258.23,Tilaknagar Industries Limited
TI,292.3,Technocraft Industries (India) Limited
TIJARIA,0,Tube Investments of India Limited
TIMESGTY,130.26,Tijaria Polypipes Limited
TIMETECHNO,451.6,TIL Limited
TIPSMUSIC,773,Times Guaranty Limited
TIINDIA,4373.55,Time Technoplast Limited
TIIL,3082.85,Timken India Limited
TIMKEN,3633.95,Tips Films Limited
TIRUPATIFL,36.79,Tips Music Limited
TIRUMALCHM,302,Thirumalai Chemicals Limited
TNPL,192.78,Tirupati Forge Limited
TITAN,3355,TITAGARH RAIL SYSTEMS LIMITED
TMB,437.95,Titan Company Limited
TIPSFILMS,600,Tamilnad Mercantile Bank Limited
TITAGARH,1145,Tamilnadu PetroProducts Limited
TNTELE,9.65,Tamil Nadu Newsprint & Papers Limited
TOKYOPLAST,117.37,Tamilnadu Telecommunication Limited
TNPETRO,84.38,Tokyo Plast International Limited
TOLINS,180.4,Tolins Tyres Limited
TORNTPHARM,3393.95,Torrent Pharmaceuticals Limited
TOTAL,82.25,Torrent Power Limited
TORNTPOWER,1958.05,Total Transport Systems Limited
TOUCHWOOD,150.18,Touchwood Entertainment Limited
TPHQ,1.4,Teamo Productions HQ Limited
TPLPLASTEH,101.21,TPL Plastech Limited
TREEHOUSE,19.61,Tracxn Technologies Limited
TRACXN,83.7,Tree House Education & Accessories Limited
TRIDENT,34,TREJHARA SOLUTIONS LIMITED
TRENT,7632,Transindia Real Estate Limited
TRF,490.25,Trent Limited
TREL,40,TRF Limited
TRIGYN,119.9,Trident Limited
TREJHARA,249.9,Trigyn Technologies Limited
TRITURBINE,765.85,Triveni Turbine Limited
TTKHLTCARE,1620,Triveni Engineering & Industries Limited
TRIVENI,409,TruCap Finance Limited
TVSHLTD,14000,TTK Healthcare Limited
TRU,27.1,TTK Prestige Limited
TTKPRESTIG,878.85,T T Limited
TTL,126.58,Tata Teleservices (Maharashtra) Limited
TTML,77.48,TVS Electronics Limited
TVSMOTOR,2741.05,TVS Holdings Limited
TVSELECT,381,TVS Motor Company Limited
TVSSCS,182.53,TVS Supply Chain Solutions Limited
TVSSRICHAK,4014.85,TVS Srichakra Limited
UDAICEMENT,30.16,TV Today Network Limited
TVTODAY,218.4,TV Vision Limited
TVVISION,18.25,United Breweries Limited
UCAL,176.01,UCAL LIMITED
UCOBANK,46.2,UCO Bank
UBL,1961.45,Udaipur Cement Works Limited
UDS,366.3,Updater Services Limited
UGARSUGAR,80.4,Ujaas Energy Limited
UFLEX,638,UFLEX Limited
UEL,688,UFO Moviez India Limited
UFO,117.49,The Ugar Sugar Works Limited
UGROCAP,246.9,Ugro Capital Limited
UJJIVANSFB,38.41,Ujjivan Small Finance Bank Limited
ULTRACEMCO,10839,UltraTech Cement Limited
UMESLTD,6.57,Uma Exports Limited
UMAEXPORTS,101.2,Umang Dairies Limited
UMANGDAIRY,90,Usha Martin Education & Solutions Limited
UNICHEMLAB,763,Unichem Laboratories Limited
UNIDT,237.4,United Drilling Tools Limited
UNITDSPR,1493.4,Unicommerce Esolutions Limited
UNIPARTS,455.05,Uniphos Enterprises Limited
UNIENTER,174.9,Uniinfo Telecom Services Limited
UNIINFO,37.7,Union Bank of India
UNIONBANK,111.78,Uniparts India Limited
UNIECOM,201.2,United Spirits Limited
UNITECH,10.4,Unitech Limited
UNITEDPOLY,116.8,United Polyfab Gujarat Limited
UNITEDTEA,457,The United Nilgiri Tea Estates Company Limited
UNIVAFOODS,8.79,Univa Foods Limited
UNIVCABLES,659,Univastu India Limited
UPL,543.85,Universal Cables Limited
UNIVASTU,262.95,Universus Photo Imagings Limited
USHAMART,414.3,UNO Minda Limited
URJA,19.5,UPL Limited
UNOMINDA,941,Uravi T and Wedge Lamps Limited
URAVI,468.2,Urja Global Limited
UNIVPHOTO,380.5,Usha Martin Limited
UYFINCORP,30.3,Udayshivakumar Infra Limited
UTTAMSUGAR,327.15,UTI Asset Management Company Limited
UTKARSHBNK,41.95,Utkarsh Small Finance Bank Limited
USK,55.53,Uttam Sugar Mills Limited
VADILALIND,3827.5,U. Y. Fincorp Limited
VAISHALI,18.91,V2 Retail Limited
VAIBHAVGBL,286.6,Vadilal Industries Limited
V2RETAIL,1294,Vaibhav Global Limited
UTIAMC,1274.5,Vaishali Pharma Limited
VAKRANGEE,30.54,Vakrangee Limited
VARDHACRLC,57,Valiant Laboratories Limited
VALIANTLAB,112.4,Valiant Organics Limited
VARROC,554.5,Vardhman Acrylics Limited
VASCONEQ,56.89,Vardhman Polytex Limited
VASWANI,54,Varroc Engineering Limited
VCL,0.84,Vascon Engineers Limited
VBL,579.4,Vaswani Industries Limited
VENKEYS,1841,Varun Beverages Limited
VALIANTORG,417.9,Vaxtex Cotfab Limited
VEDL,474.8,Vedanta Limited
VEEDOL,1995.05,Veedol Corporation Limited
VARDMNPOLY,10.86,Venky's (India) Limited
VENUSREM,344.65,Venus Pipes & Tubes Limited
VENUSPIPES,1815.95,Venus Remedies Limited
VERTOZ,18.86,Veranda Learning Solutions Limited
VERANDA,278.8,Vertoz Limited
VESUVIUS,5770,Vesuvius India Limited
VHL,5303.9,Veto Switchgears And Cables Limited
VHLTD,132,V-Guard Industries Limited
VGUARD,425.5,Vardhman Holdings Limited
VETO,135,Viceroy Hotels Limited
VIKASECO,3.32,Vidhi Specialty Food Ingredients Limited
VIDHIING,467,Vijaya Diagnostic Centre Limited
VIJAYA,970,Viji Finance Limited
VINDHYATEL,2077,Vikas EcoTech Limited
VIJIFIN,2.84,Vikas Lifecare Limited
VINCOFE,133.95,Vimta Labs Limited
VINATIORGA,1925,Vinati Organics Limited
VIKASLIFE,4.61,Vintage Coffee And Beverages Limited
VIMTALABS,557.1,Vindhya Telelinks Limited
VINEETLAB,56.8,Vineet Laboratories Limited
VINYLINDIA,388,Vinny Overseas Limited
VINNY,2.07,Vinyl Chemicals (India) Limited
VIPCLOTHNG,40.56,VIP Clothing Limited
VIRINCHI,30.65,VIP Industries Limited
VISAKAIND,105.1,Vipul Limited
VIPULLTD,33.24,Virinchi Limited
VIPIND,508,Visaka Industries Limited
VISHNU,451.1,Visa Steel Limited
VIVIDHA,1.04,Visesh Infotecnics Limited
VISASTEEL,34.35,Vishnu Chemicals Limited
VISESHINFO,0.38,Vishwaraj Sugar Industries Limited
VISHWARAJ,16.81,Visagar Polytex Limited
VLEGOV,164.7,VL E-Governance & IT Solutions Limited
VMART,4302,VLS Finance Limited
VOLTAS,1813.8,V-Mart Retail Limited
VOLTAMP,13200,Voltamp Transformers Limited
VLSFINANCE,412,Voltas Limited
VSTIND,364.9,Vishnu Prakash R Punglia Limited
VPRPL,314.95,Vraj Iron and Steel Limited
VRAJ,230.4,VRL Logistics Limited
VRLLOG,572.8,Vardhman Special Steels Limited
VSSL,266,VST Industries Limited
WABAG,1707.65,Vibhor Steel Tubes Limited
VSTL,258.5,V.S.T Tillers Tractors Limited
VSTTILLERS,4567.5,Vardhman Textiles Limited
VTL,456.6,VA Tech Wabag Limited
WCIL,143.9,Walchandnagar Industries Limited
WEALTH,1550,Wanbury Limited
WEBELSOLAR,1233,Western Carriers (India) Limited
WEIZMANIND,129.5,Wealth First Portfolio Managers Limited
WALCHANNAG,295,Websol Energy System Limited
WANBURY,249.4,Weizmann Limited
WENDT,15950,Wonder Electricals Limited
WELSPUNLIV,159.8,Welspun Corp Limited
WELINV,982,Welspun Enterprises Limited
WEWIN,71,Welspun Investments and Commercials Limited
WELENT,546.25,Welspun Living Limited
WESTLIFE,875,Wendt (India) Limited
WEL,1475.1,WESTLIFE FOODWORLD LIMITED
WELCORP,713.85,WE WIN LIMITED
WHEELS,768.05,Wheels India Limited
WINDMACHIN,198,Whirlpool of India Limited
WHIRLPOOL,2331.5,Williamson Magor & Company Limited
WILLAMAGOR,37.07,Windlas Biotech Limited
WINDLAS,1002,Windsor Machines Limited
WONDERLA,875.65,Winsome Yarns Limited
WINSOME,3.85,The Western India Plywoods Limited
WIPRO,547.2,Wipro Limited
WOCKPHARMA,1069,Wockhardt Limited
WIPL,192.59,Wonderla Holidays Limited
WSI,136.25,Worth Peripherals Limited
WSTCSTPAPR,587,W S Industries (I) Limited
WORTH,132.06,West Coast Paper Mills Limited
XCHANGING,112.21,Xchanging Solutions Limited
XELPMOC,151.92,Xelpmoc Design And Tech Limited
XPROINDIA,1161,Xpro India Limited
XTGLOBAL,44,Xtglobal Infotech Limited
YAARI,13.6,Yaari Digital Integrated Services Limited
ZAGGLE,432,Yasho Industries Limited
ZEEL,126.02,Yatharth Hospital & Trauma Care Services Limited
YATRA,120.05,Yatra Online Limited
YATHARTH,617.95,Yes Bank Limited
YESBANK,20.93,Yuken India Limited
YUKEN,1193,Zaggle Prepaid Ocean Services Limited
YASHO,1895,Zee Entertainment Enterprises Limited
ZEELEARN,9.86,Zee Learn Limited
ZEEMEDIA,21.95,Zee Media Corporation Limited
ZENITHEXPO,341,Zenith Exports Limited
ZODIAC,573,Zenith Steel Pipes & Industries Limited
ZIMLAB,110,Zensar Technologies Limited
ZENTEC,1857.5,Zen Technologies Limited
ZENSARTECH,680,ZF Commercial Vehicle Control Systems India Limited
ZFCVINDIA,14079,Zim Laboratories Limited
ZENITHSTL,0,Zodiac Energy Limited
ZODIACLOTH,119.34,Zodiac Clothing Company Limited
ZYDUSLIFE,1007.1,Zomato Limited
ZOMATO,265.15,Zota Health Care LImited
ZOTA,609,Zuari Agro Chemicals Limited
ZYDUSWELL,1910.3,ZUARI INDUSTRIES LIMITED
ZUARI,200.5,Zydus Lifesciences Limited
ZUARIIND,371.55,Zydus Wellness Limited
